﻿<careerSavegame revision="2" valid="true">
    <settings>
        <savegameName>My Savegame</savegameName>
        <mapId>Map02</mapId>
        <mapTitle>Sosnovka</mapTitle>
        <playerName>sniper199516</playerName>
        <saveDate>2018-04-19</saveDate>
        <resetVehicles>false</resetVehicles>
        <isPlantWitheringEnabled>false</isPlantWitheringEnabled>
        <trafficEnabled>false</trafficEnabled>
        <fertilizerStatesEnabled>false</fertilizerStatesEnabled>
        <plowingRequiredEnabled>false</plowingRequiredEnabled>
        <stopAndGoBraking>true</stopAndGoBraking>
        <automaticMotorStartEnabled>false</automaticMotorStartEnabled>
        <fuelUsageLow>true</fuelUsageLow>
        <helperBuyFuel>false</helperBuyFuel>
        <helperBuySeeds>false</helperBuySeeds>
        <helperBuyFertilizer>true</helperBuyFertilizer>
        <helperSlurrySource>1</helperSlurrySource>
        <helperManureSource>1</helperManureSource>
        <densityMapRevision>3</densityMapRevision>
        <terrainLodTextureRevision>2</terrainLodTextureRevision>
        <splitShapesRevision>1</splitShapesRevision>
        <tipCollisionRevision>1</tipCollisionRevision>
        <mapDensityMapRevision>1</mapDensityMapRevision>
        <mapTerrainLodTextureRevision>1</mapTerrainLodTextureRevision>
        <mapSplitShapesRevision>1</mapSplitShapesRevision>
        <mapTipCollisionRevision>2</mapTipCollisionRevision>
        <difficulty>1</difficulty>
        <playerIndex>1</playerIndex>
        <playerColorIndex>2</playerColorIndex>
        <plantGrowthRate>4</plantGrowthRate>
        <dirtInterval>3</dirtInterval>
        <timeScale>5.000000</timeScale>
    </settings>
    <tipTypeMappings>
        <tipTypeMapping fillType="woodChips" index="20"/>
        <tipTypeMapping fillType="rape" index="3"/>
        <tipTypeMapping fillType="fertilizer" index="11"/>
        <tipTypeMapping fillType="sunflower" index="8"/>
        <tipTypeMapping fillType="maize" index="4"/>
        <tipTypeMapping fillType="soybean" index="7"/>
        <tipTypeMapping fillType="potato" index="5"/>
        <tipTypeMapping fillType="barley" index="2"/>
        <tipTypeMapping fillType="wheat" index="1"/>
        <tipTypeMapping fillType="seeds" index="10"/>
        <tipTypeMapping fillType="grass_windrow" index="14"/>
        <tipTypeMapping fillType="dryGrass_windrow" index="15"/>
        <tipTypeMapping fillType="straw" index="13"/>
        <tipTypeMapping fillType="forage" index="17"/>
        <tipTypeMapping fillType="silage" index="16"/>
        <tipTypeMapping fillType="sugarCane" index="12"/>
        <tipTypeMapping fillType="sugarBeet" index="6"/>
        <tipTypeMapping fillType="manure" index="19"/>
        <tipTypeMapping fillType="tarp" index="21"/>
        <tipTypeMapping fillType="chaff" index="9"/>
        <tipTypeMapping fillType="pigFood" index="18"/>
    </tipTypeMappings>
    <statistics>
        <money>22847</money>
        <traveledDistance>108.226631</traveledDistance>
        <fuelUsage>472.075684</fuelUsage>
        <seedUsage>6459.500000</seedUsage>
        <sprayUsage>175.733688</sprayUsage>
        <workedHectares>21.339975</workedHectares>
        <cultivatedHectares>4.362900</cultivatedHectares>
        <sownHectares>2.086750</sownHectares>
        <fertilizedHectares>2.809900</fertilizedHectares>
        <threshedHectares>14.890326</threshedHectares>
        <workedTime>189.347076</workedTime>
        <cultivatedTime>13.341409</cultivatedTime>
        <sownTime>147.842606</sownTime>
        <fertilizedTime>2.033955</fertilizedTime>
        <threshedTime>21.323923</threshedTime>
        <baleCount>15</baleCount>
        <threePointThrowCount>0</threePointThrowCount>
        <breedCowsCount>0</breedCowsCount>
        <breedSheepCount>0</breedSheepCount>
        <breedPigsCount>0</breedPigsCount>
        <fieldJobMissionCount>0</fieldJobMissionCount>
        <fieldJobMissionByNPC>0</fieldJobMissionByNPC>
        <revenue>0.000000</revenue>
        <expenses>4625.498047</expenses>
        <playTime>185.196030</playTime>
        <foundGoldNuggetCount>0</foundGoldNuggetCount>
        <foundGoldNuggets>0000000000000000000000000000000000000000000000000000000000000000000000000000000000000000000000000000</foundGoldNuggets>
        <foundHelpIcons>0100000000</foundHelpIcons>
        <plantedTreeCount>0</plantedTreeCount>
        <cutTreeCount>0</cutTreeCount>
        <woodTonsSold>0.000000</woodTonsSold>
        <treeTypesCut>000000</treeTypesCut>
        <loan>275000</loan>
        <loanAnnualInterestRate>100</loanAnnualInterestRate>
    </statistics>
    <environment>
        <dayTime>1325.980225</dayTime>
        <timeSinceLastRain>10000925.000000</timeSinceLastRain>
        <currentDay>1</currentDay>
        <realHourTimer>3288274</realHourTimer>
        <eastState1>0</eastState1>
        <eastState2>0</eastState2>
        <rains numRains="12">
            <rain isValid="true" rainTypeId="cloudy" duration="307.093506" startDay="2" startDayTime="668.334167"/>
            <rain isValid="true" rainTypeId="fog" duration="175.425110" startDay="4" startDayTime="341.997925"/>
            <rain isValid="true" rainTypeId="cloudy" duration="180.559982" startDay="7" startDayTime="468.640228"/>
            <rain isValid="true" rainTypeId="hail" duration="321.015076" startDay="9" startDayTime="534.701355"/>
            <rain isValid="true" rainTypeId="cloudy" duration="203.830978" startDay="10" startDayTime="386.248077"/>
            <rain isValid="true" rainTypeId="cloudy" duration="356.837311" startDay="12" startDayTime="710.063965"/>
            <rain isValid="true" rainTypeId="cloudy" duration="338.266754" startDay="14" startDayTime="586.645142"/>
            <rain isValid="true" rainTypeId="rain" duration="271.493866" startDay="15" startDayTime="561.112000"/>
            <rain isValid="true" rainTypeId="fog" duration="157.683578" startDay="18" startDayTime="338.471252"/>
            <rain isValid="true" rainTypeId="cloudy" duration="285.377930" startDay="20" startDayTime="445.279968"/>
            <rain isValid="true" rainTypeId="fog" duration="165.496414" startDay="21" startDayTime="341.876129"/>
            <rain isValid="true" rainTypeId="hail" duration="240.832993" startDay="23" startDayTime="584.701660"/>
        </rains>
        <currentRain isValid="false"/>
        <lastRain isValid="false"/>
    </environment>
    <totalAmounts count="52">
        <totalAmount fillType="squareBaleBarley" value="50000.000000"/>
        <totalAmount fillType="poplar" value="50000.000000"/>
        <totalAmount fillType="woodChips" value="50000.000000"/>
        <totalAmount fillType="forage" value="50000.000000"/>
        <totalAmount fillType="sunflower" value="50000.000000"/>
        <totalAmount fillType="milk" value="50000.000000"/>
        <totalAmount fillType="roundBale" value="50000.000000"/>
        <totalAmount fillType="fuel" value="50000.000000"/>
        <totalAmount fillType="squareBaleWheat" value="50000.000000"/>
        <totalAmount fillType="soybean" value="67788.000000"/>
        <totalAmount fillType="dryGrass" value="50000.000000"/>
        <totalAmount fillType="barley" value="50000.000000"/>
        <totalAmount fillType="wheat" value="68096.359375"/>
        <totalAmount fillType="seeds" value="50000.000000"/>
        <totalAmount fillType="pigFoodProtein" value="50000.000000"/>
        <totalAmount fillType="dryGrass_windrow" value="50000.000000"/>
        <totalAmount fillType="straw" value="50000.000000"/>
        <totalAmount fillType="silage" value="50000.000000"/>
        <totalAmount fillType="sugarCane" value="50000.000000"/>
        <totalAmount fillType="wool" value="50000.000000"/>
        <totalAmount fillType="chaff" value="50000.000000"/>
        <totalAmount fillType="squareBale" value="50000.000000"/>
        <totalAmount fillType="pig" value="50000.000000"/>
        <totalAmount fillType="rape" value="50000.000000"/>
        <totalAmount fillType="fertilizer" value="50000.000000"/>
        <totalAmount fillType="sheep" value="50000.000000"/>
        <totalAmount fillType="cow" value="50000.000000"/>
        <totalAmount fillType="powerFood" value="50000.000000"/>
        <totalAmount fillType="liquidManure" value="50000.000000"/>
        <totalAmount fillType="maize" value="76660.000000"/>
        <totalAmount fillType="chicken" value="50000.000000"/>
        <totalAmount fillType="roundBaleBarley" value="50000.000000"/>
        <totalAmount fillType="grass" value="50000.000000"/>
        <totalAmount fillType="treeSaplings" value="50000.000000"/>
        <totalAmount fillType="water" value="50000.000000"/>
        <totalAmount fillType="roundBaleWheat" value="50000.000000"/>
        <totalAmount fillType="sugarBeet" value="50000.000000"/>
        <totalAmount fillType="roundBaleDryGrass" value="50000.000000"/>
        <totalAmount fillType="roundBaleGrass" value="50000.000000"/>
        <totalAmount fillType="grass_windrow" value="50000.000000"/>
        <totalAmount fillType="pigFoodGrain" value="50000.000000"/>
        <totalAmount fillType="digestate" value="50000.000000"/>
        <totalAmount fillType="pigFoodEarth" value="50000.000000"/>
        <totalAmount fillType="liquidFertilizer" value="50000.000000"/>
        <totalAmount fillType="pigFoodBase" value="50000.000000"/>
        <totalAmount fillType="egg" value="50000.000000"/>
        <totalAmount fillType="potato" value="50000.000000"/>
        <totalAmount fillType="manure" value="50000.000000"/>
        <totalAmount fillType="oilseedRadish" value="50000.000000"/>
        <totalAmount fillType="tarp" value="50000.000000"/>
        <totalAmount fillType="forage_mixing" value="50000.000000"/>
        <totalAmount fillType="pigFood" value="50000.000000"/>
    </totalAmounts>
    <mapsSplitShapeFileIds count="1">
        <id id="0"/>
    </mapsSplitShapeFileIds>
    <mod modName="disableVehicleCameraCollision" title="Disable Vehicle Camera Collision" version="1.0.0.0" required="false" fileHash="d0991fcd82cc580a2c24702f7d969302"/>
    <mod modName="FS17_kroneBigXPack" title="Krone BiG X 1100 Pack" version="1.0.0.1" required="false" fileHash="e598b0d1e76845546e6207eafa11e3a4"/>
    <mod modName="FS17_Bales_Autoload_Pack" title="Bales Autoload Pack" version="1.0.0.0" required="false" fileHash="a574d7fda884451bf560150962586611"/>
    <mod modName="FS17_krampeBigBody900" title="Krampe Big Body 900" version="1.0.0.0" required="false" fileHash="28b7b527222c22c0be609e3c8798d1ea"/>
    <mod modName="FS17_holmerPack" title="Holmer Pack" version="1.0.0.1" required="false" fileHash="572b83342d2e7b04eea7f6702098cfcf"/>
    <mod modName="FS17_horschTitan34UW" title="Horsch Titan 34 UW" version="1.0.0.0" required="false" fileHash="9da0f70002366007c0add27fa1d5d6c3"/>
    <mod modName="FS17_zetorCrystal12045" title="Zetor Crystal 12045" version="1.0.0.1" required="false" fileHash="636093ae19964c4f2ed6aa0f8c65d936"/>
    <mod modName="FS17_flieglVFW10600" title="Fliegl VFW 10600" version="1.0.0.0" required="false" fileHash="60c71a9d255b65cec139d124bded469b"/>
    <mod modName="M82_Koppelrahmen" title="M82KR3" version="1.0" required="false" fileHash="4a1f318cf2d631ef01b78f5f483d77a9"/>
    <mod modName="FS17_BaleStorage_placeable" title="Bale Storage" version="1.0.1.0" required="false" fileHash="d2ed8a158b5ba0dea2279abd8444269e"/>
    <mod modName="FS17_kuhnSitera3000" title="Kuhn Sitera 3000" version="1.0.0.0" required="false" fileHash="f55cf784797d10a446d201b78b813222"/>
    <mod modName="FS17_ForRealModule03_GroundResponse" title="4Real Module 03 - Ground Response" version="1.0.4.0" required="false" fileHash="3e9f882aeca287a5692d6f98afac6680"/>
    <mod modName="FS17_marshallST1800" title="Marshall ST1800" version="1.0.0.0" required="false" fileHash="981b08b8a1e11339cb27ca188d5f897e"/>
    <mod modName="FS17_valtraTSeriesWREdition" title="T234 WR Edition" version="1.0.0.0" required="false" fileHash="08e848f9867ee76cd0b47fd315d1fc53"/>
    <mod modName="FS17_flieglTMK266Bull" title="Fliegl TMK 266 Bull" version="1.0.0.0" required="false" fileHash="329416fb86b0e5a81f34ce09d4f2efdc"/>
    <mod modName="FS17_vaederstadTopDown500" title="Väderstad Top Down 500" version="1.0.0.1" required="false" fileHash="1dcde75f582eb7642eaa619eb3027906"/>
    <mod modName="FS17_marshallQM16" title="Marshall QM/16" version="1.0.0.0" required="false" fileHash="1a8139fee1863665b4e6934f94ede839"/>
    <mod modName="FS17_newHollandLM742" title="New Holland LM 7.42" version="1.0.1.0" required="false" fileHash="549a274b8aa1ee49050ce7a0013f809f"/>
    <mod modName="FS17_koeckerlingTrio300" title="Köckerling Trio 300 M" version="1.0.0.0" required="false" fileHash="60293189f2df2a1115067bc577e3c59f"/>
    <mod modName="FS17_flieglSTF25000VC" title="Fliegl STF 25000 VC" version="1.0.0.0" required="false" fileHash="85b5e6ec93e152ac14d3f64346f78afa"/>
    <mod modName="FS17_rabaudSweeperBSM" title="Sweeper Rabaud SUPERNET 2200A" version="1.0.0.1" required="false" fileHash="2874f8cb789da472c597aeb39ae06e9e"/>
    <mod modName="FS17_newHollandBalerPack" title="New Holland Baler Pack" version="1.0.0.1" required="false" fileHash="5f88910c5055ed5cc70c4f58b75d3d7f"/>
    <mod modName="FS17_starkIndustriesSCT635B" title="Stark Industries SCT 635 B" version="1.0.0.1" required="false" fileHash="1c61c1952f339611fdc52d3ef91c0733"/>
    <mod modName="FS17_amazonePantera" title="Amazone Pantera 4502" version="1.0.0.0" required="false" fileHash="4ae79c4951ed5f9f5a81b4734d6a527b"/>
    <mod modName="FS17_WoolStorage_placeable" title="Wool Storage" version="1.0.1.0" required="false" fileHash="771f9dc5c051648983e7a7a1e544d2b9"/>
    <mod modName="FS17_ClaasMegaPack" title="Claas Mega Pack" version="2.0.1.0" required="false" fileHash="13de24cd7fbcd20c8a2c8e513ac7643a"/>
    <mod modName="FS17_kvernelandAB85" title="Kverneland AB 85" version="1.0.0.0" required="false" fileHash="a99e35a5f30e8cf5a3745d022e084c6a"/>
    <mod modName="FS17_lizardFloodLightTrailer" title="Flood Light Trailer" version="1.0.0.0" required="false" fileHash="521165f6dd55785a49d92d0e7935c8f8"/>
    <mod modName="FS17_CSZ_set" title="CSZ Set" version="11.2.0.0" required="false" fileHash="db4221c1c95200eac85c31022ff4dd1a"/>
    <mod modName="FS17_valtraNSeriesSuomi" title="N Series Suomi 100" version="1.0.0.0" required="false" fileHash="7bf429bb0bac6367a203d23db589443f"/>
    <mod modName="FS17_ForRealModule02_TireDirt" title="4Real Module 02 - Tire Dirt" version="1.0.2.0" required="false" fileHash="2cb4430707deaab341ab241a9e4798ae"/>
    <mod modName="FS17_DCK_FollowMe" title="Follow Me" version="1.2.1.40" required="false" fileHash="302b2ff724b1f12663423e0700858727"/>
    <mod modName="FS17_vaederstadRapid300" title="Väderstad Rapid 300C" version="1.0.0.0" required="false" fileHash="4bdc0d8d5ff20c076533a2fcd78b6fb1"/>
    <mod modName="FS17_Axe" title="Wooden Chop Axe" version="1.0.0.0" required="false" fileHash="5927f6a03036b37245e9e70976d3aaff"/>
    <mod modName="ZZZ_GPS" title="GPS-Mod" version="5.01" required="false" fileHash="d19f39bb2927a282591adf11c035f388"/>
    <mod modName="FS17_kuhnVB2190" title="Kuhn VB 2190" version="1.0.0.1" required="false" fileHash="3a174fa7a09a30bed2355ca570c22bcd"/>
    <mod modName="FS17_marshallBC32" title="Marshall BC/32" version="1.0.0.0" required="false" fileHash="4dd279b77c37ed4b153e01617e8fd339"/>
    <mod modName="FS17_ChangeHuds" title="Change Huds" version="1.0.0.1" required="false" fileHash="593cdf12d431b95d39d3664d195d5f00"/>
    <mod modName="FS17_fendtHarvesterPackage" title="Fendt Harvester Pack" version="1.0.0.2" required="false" fileHash="7cc863aa8720acaeb05ef348883112c2"/>
    <mod modName="FS17_rsmAgriPack" title="Rostselmash RSM 161" version="1.0.0.0" required="false" fileHash="322ca4be16ab54f00e13c3781b0555f0"/>
    <mod modName="FS17_horschAgrovationVehicles" title="HORSCH CTF" version="1.0.0.0" required="false" fileHash="3aac32b24d2d7019fadff2dae64ec98b"/>
    <mod modName="FS17_EggCollector" title="EggCollector" version="1.0.0.0" required="false" fileHash="40b566e06f72699bc2d54a534b8e85af"/>
    <mod modName="FS17_lizardRumblerVan" title="Lizard Rumbler Van" version="1.0.0.0" required="false" fileHash="d15fb8f9bdd742ea4b87ffb5eb95fddc"/>
    <mod modName="FS17_itRunnerPack" title="ITRunner Pack" version="1.0.0.3" required="false" fileHash="54f12063b447111d06be7a93656dcb29"/>
    <mod modName="FS17_kuhnPrimor3570" title="Kuhn Primor 3570" version="1.0.0.0" required="false" fileHash="5c84303a2cb256f38aabb2f1a283a8fc"/>
    <mod modName="FS17_LIEBHERR_902_Pack" title="Excavator Liebherr 902 Pack" version="1.0.0.1" required="false" fileHash="866edd62c6c5b8a47ee8f5bf201ab48c"/>
    <mod modName="FS17_BsMTrailer_Tipper70000" title="Semi-Tipper 70000/6" version="1.0.0.3" required="false" fileHash="3f02a955a3df125ff04c383d494b123a"/>
    <clientPermissions>
        <permission name="hireAI" setting="true"/>
        <permission name="resetVehicle" setting="true"/>
        <permission name="sellVehicle" setting="true"/>
        <permission name="ownMoney" setting="false"/>
        <permission name="tradeAnimals" setting="true"/>
        <permission name="createFields" setting="false"/>
    </clientPermissions>
</careerSavegame>
