<?xml version="1.0" encoding="utf-8" standalone="no" ?>
<economy>
    <vehicleShopSales>
      <vehicleShopSale xmlFilename="data/vehicles/cutters/rostselmash/rsmPPK81.xml" discount="10" saleStartDay="5" saleStartHour="12" saleDuration="18" isRunning="false" />
      <vehicleShopSale xmlFilename="$moddir$FS17_vaederstadRapid300/vaederstadRapid300C.xml" discount="10" saleStartDay="4" saleStartHour="8" saleDuration="30" isRunning="false" />
      <vehicleShopSale xmlFilename="data/vehicles/tools/vicon/viconFanex604.xml" discount="5" saleStartDay="4" saleStartHour="11" saleDuration="42" isRunning="false" />
      <vehicleShopSale xmlFilename="data/vehicles/steerable/masseyFerguson/MF7347Activa.xml" discount="15" saleStartDay="4" saleStartHour="9" saleDuration="12" isRunning="false" />
    </vehicleShopSales>

    <brandSale xmlFilename="data/vehicles/tools/suer/suerSB1000.xml" discount="20" saleStartDay="8" saleStartHour="8" saleDuration="12" isRunning="false" />

    <fieldOwnership>
      <field number="1" ownedByPlayer="false" npcIndex="1" />
      <field number="2" ownedByPlayer="false" npcIndex="1" />
      <field number="3" ownedByPlayer="false" npcIndex="2" />
      <field number="4" ownedByPlayer="false" npcIndex="2" />
      <field number="5" ownedByPlayer="false" npcIndex="3" />
      <field number="6" ownedByPlayer="false" npcIndex="3" />
      <field number="7" ownedByPlayer="false" npcIndex="4" />
      <field number="8" ownedByPlayer="false" npcIndex="4" />
      <field number="9" ownedByPlayer="false" npcIndex="5" />
      <field number="10" ownedByPlayer="false" npcIndex="5" />
      <field number="11" ownedByPlayer="false" npcIndex="6" />
      <field number="12" ownedByPlayer="false" npcIndex="6" />
      <field number="13" ownedByPlayer="false" npcIndex="7" />
      <field number="14" ownedByPlayer="true" npcIndex="7" />
      <field number="15" ownedByPlayer="false" npcIndex="8" />
      <field number="16" ownedByPlayer="false" npcIndex="8" />
      <field number="17" ownedByPlayer="false" npcIndex="9" />
      <field number="18" ownedByPlayer="false" npcIndex="9" />
      <field number="19" ownedByPlayer="true" npcIndex="10" />
      <field number="20" ownedByPlayer="false" npcIndex="10" />
      <field number="21" ownedByPlayer="false" npcIndex="11" />
      <field number="22" ownedByPlayer="false" npcIndex="11" />
      <field number="23" ownedByPlayer="true" npcIndex="12" />
      <field number="24" ownedByPlayer="false" npcIndex="12" />
      <field number="25" ownedByPlayer="false" npcIndex="13" />
      <field number="26" ownedByPlayer="false" npcIndex="13" />
      <field number="27" ownedByPlayer="false" npcIndex="14" />
      <field number="28" ownedByPlayer="false" npcIndex="14" />
      <field number="29" ownedByPlayer="false" npcIndex="15" />
      <field number="30" ownedByPlayer="false" npcIndex="15" />
      <field number="31" ownedByPlayer="false" npcIndex="16" />
      <field number="32" ownedByPlayer="false" npcIndex="16" />
      <field number="33" ownedByPlayer="false" npcIndex="17" />
      <field number="34" ownedByPlayer="false" npcIndex="17" />
      <field number="35" ownedByPlayer="false" npcIndex="18" />
      <field number="36" ownedByPlayer="false" npcIndex="19" />
    </fieldOwnership>

    <npcStats>
        <npc index="1" finishedMissions="0" />
        <npc index="2" finishedMissions="0" />
        <npc index="3" finishedMissions="0" />
        <npc index="4" finishedMissions="0" />
        <npc index="5" finishedMissions="0" />
        <npc index="6" finishedMissions="0" />
        <npc index="7" finishedMissions="0" />
        <npc index="8" finishedMissions="0" />
        <npc index="9" finishedMissions="0" />
        <npc index="10" finishedMissions="0" />
        <npc index="11" finishedMissions="0" />
        <npc index="12" finishedMissions="0" />
        <npc index="13" finishedMissions="0" />
        <npc index="14" finishedMissions="0" />
        <npc index="15" finishedMissions="0" />
        <npc index="16" finishedMissions="0" />
        <npc index="17" finishedMissions="0" />
        <npc index="18" finishedMissions="0" />
        <npc index="19" finishedMissions="0" />
    </npcStats>

    <greatDemands>
      <greatDemand stationName="station_vegetableBase" fillTypeName="sunflower" demandMultiplier="1.3999999761581" demandStartDay="5" demandStartHour="16" demandDuration="6" isRunning="false" isValid="true" />
      <greatDemand stationName="station_biomassHeatingPlant" fillTypeName="woodChips" demandMultiplier="1.1000000238419" demandStartDay="4" demandStartHour="11" demandDuration="24" isRunning="false" isValid="true" />
      <greatDemand stationName="station_transportCompany" fillTypeName="barley" demandMultiplier="1.2000000476837" demandStartDay="4" demandStartHour="7" demandDuration="12" isRunning="false" isValid="true" />
    </greatDemands>

    <financeStatsHistory>
        <financeStats day="0">
            <newVehiclesCost>-3209043</newVehiclesCost>
            <soldVehicles>393152</soldVehicles>
            <newAnimalsCost>-26600</newAnimalsCost>
            <soldAnimals>0</soldAnimals>
            <constructionCost>-204500</constructionCost>
            <soldBuildings>0</soldBuildings>
            <fieldPurchase>-349920.01390457</fieldPurchase>
            <vehicleRunningCost>-0.53131211662293</vehicleRunningCost>
            <vehicleLeasingCost>-14560</vehicleLeasingCost>
            <animalUpkeep>0</animalUpkeep>
            <propertyMaintenance>0</propertyMaintenance>
            <propertyIncome>0</propertyIncome>
            <soldWood>0</soldWood>
            <soldBales>0</soldBales>
            <soldWool>0</soldWool>
            <soldMilk>0</soldMilk>
            <purchaseFuel>-291.91015371907</purchaseFuel>
            <purchaseSeeds>-2160</purchaseSeeds>
            <purchaseFertilizer>-2173.0565056011</purchaseFertilizer>
            <purchaseSaplings>-8400</purchaseSaplings>
            <purchaseWater>0</purchaseWater>
            <harvestIncome>61547.178931136</harvestIncome>
            <incomeBga>0</incomeBga>
            <missionIncome>0</missionIncome>
            <wagePayment>-725.73861951119</wagePayment>
            <other>0</other>
            <loanInterest>0</loanInterest>
        </financeStats>
    </financeStatsHistory>

</economy>

