<?xml version="1.0" encoding="utf-8" standalone="no" ?>
<careerVehicles>
    <vehicle id="1" filename="data/vehicles/steerable/newHolland/newHollandFR850.xml" isAbsolute="true" age="0" price="374000" propertyState="1" operatingTime="5656.4173094273"  foldAnimTime="0" fuelFillLevel="1363.0714714707" cruiseControl="43"  attacherJointComboDir="-1" fillTypes="unknown" fillLevels="0" pipeState="1" dirtAmount="0.0070566331983142" GPSstoreInv="" >
        <component1 position="482.01440429688 80.705787658691 -231.12022399902" rotation="-3.0762393474579 1.4582178592682 -3.1412708759308" />
        <component2 position="480.1833190918 81.618431091309 -230.91325378418" rotation="-3.0761888027191 1.4582167863846 -3.1412589550018" />
        <configuration name="wheel" id="1" />
        <configuration name="motor" id="1" />
        <boughtConfiguration name="wheel" id="1" />
        <boughtConfiguration name="motor" id="1" />
        <followMe backDist="20" sideOffs="0.0" />
        <wheelDirt wheel1="0.738437" wheel2="0.706136" wheel3="0.722780" wheel4="0.687667"/>
    </vehicle>
    <vehicle id="2" filename="data/vehicles/cutters/newHolland/newHolland130FB.xml" isAbsolute="true" age="0" price="25000" propertyState="1" operatingTime="5646.1287919273"  foldAnimTime="1" dirtAmount="0.0069177439253595">
        <component1 position="486.66720581055 81.718536376953 -231.64614868164" rotation="2.6464483737946 1.4582184553146 -3.1412580013275" />
        <configuration name="wheel" id="1" />
        <boughtConfiguration name="wheel" id="1" />
        <wheelDirt wheel1="0.600000" wheel2="0.600000"/>
    </vehicle>
    <vehicle id="3" modName="FS17_rabaudSweeperBSM" filename="$moddir$FS17_rabaudSweeperBSM/RABAUD.xml" isAbsolute="true" age="0" price="3500" propertyState="1" operatingTime="1505.4740040817"  foldAnimTime="1" dirtAmount="1">
        <component1 position="421.74789428711 80.762229919434 -274.71560668945" rotation="-3.1415774822235 0.40441542863846 -3.1413955688477" />
        <configuration name="wheel" id="1" />
        <boughtConfiguration name="wheel" id="1" />
        <movingTool1 rotation="0.026008828068935"/>
        <wheelDirt wheel1="0.996078"/>
    </vehicle>
    <vehicle id="4" filename="data/vehicles/steerable/siloking/siloKingSelfLineCompact1612.xml" isAbsolute="true" age="0" price="121000" propertyState="1" operatingTime="1091.7736683598"  fuelFillLevel="137.28433132318" cruiseControl="43"   preferedTipReferencePointIndex="1" dirtAmount="0.13745565208626" GPS_x="393.8337097168" GPS_z="-283.14364624023" GPS_dx="0" GPS_dz="1" GPS_Width="6" GPS_Offset="0" GPS_Name="" GPSstoreInv="" >
        <component1 position="397.99118041992 80.698318481445 -273.11242675781" rotation="3.1378812789917 -0.23329621553421 3.140841960907" />
        <configuration name="wheel" id="1" />
        <configuration name="motor" id="1" />
        <boughtConfiguration name="wheel" id="1" />
        <boughtConfiguration name="motor" id="1" />
        <movingTool1 rotation="0"/>
        <movingTool2 rotation="0"/>
        <mixerWagonFillType1 fillLevel="5902.4945779571" />
        <mixerWagonFillType2 fillLevel="5126.9844230264" />
        <mixerWagonFillType3 fillLevel="1968.254060174" />
        <followMe backDist="20" sideOffs="0.0" />
        <wheelDirt wheel1="0.703912" wheel2="0.691236" wheel3="0.760784" wheel4="0.760784"/>
    </vehicle>
    <vehicle id="5" modName="M82_Koppelrahmen" filename="$moddir$M82_Koppelrahmen/dpl.xml" isAbsolute="true" age="0" price="3070" propertyState="1" operatingTime="3485.4881842327"  dirtAmount="0.44008529783833">
        <component1 position="741.38330078125 83.375640869141 -84.765899658203" rotation="0.93244600296021 1.5692522525787 0.96956491470337" />
        <configuration name="baseColor" id="13" />
        <boughtConfiguration name="baseColor" id="1" />
        <boughtConfiguration name="baseColor" id="13" />
        <wheelDirt/>
    </vehicle>
    <vehicle id="6" filename="data/vehicles/tools/damcon/damconPL75.xml" isAbsolute="true" age="0" price="26000" propertyState="1" operatingTime="3472.2571509075"  fillTypes="poplar" fillLevels="0.50000000014527" dirtAmount="1">
        <component1 position="738.52673339844 82.811958312988 -82.350891113281" rotation="0.95933651924133 1.5695044994354 1.0006909370422" />
        <configuration name="wheel" id="1" />
        <boughtConfiguration name="wheel" id="1" />
        <wheelDirt wheel1="1.000000" wheel2="1.000000" wheel3="1.000000" wheel4="1.000000"/>
    </vehicle>
    <vehicle id="7" filename="data/vehicles/tools/damcon/damconPL75.xml" isAbsolute="true" age="0" price="26000" propertyState="1" operatingTime="3458.2254632664"  fillTypes="poplar" fillLevels="6.200000000155" dirtAmount="1">
        <component1 position="738.52429199219 82.767913818359 -84.768653869629" rotation="0.97089660167694 1.5694152116776 1.0117474794388" />
        <configuration name="wheel" id="1" />
        <boughtConfiguration name="wheel" id="1" />
        <pallet className="FillablePallet" filename="data/objects/pallets/palletPoplar.xml" position="0 0 0" rotation="0 -0 0" fillLevel="6.200000000155"/>
        <wheelDirt wheel1="1.000000" wheel2="1.000000" wheel3="1.000000" wheel4="1.000000"/>
    </vehicle>
    <vehicle id="8" filename="data/vehicles/tools/damcon/damconPL75.xml" isAbsolute="true" age="0" price="26000" propertyState="1" operatingTime="3442.2450555515"  fillTypes="poplar" fillLevels="84.800000000185" dirtAmount="1">
        <component1 position="738.52679443359 82.720108032227 -87.169456481934" rotation="0.85427159070969 1.5691769123077 0.89976322650909" />
        <configuration name="wheel" id="1" />
        <boughtConfiguration name="wheel" id="1" />
        <pallet className="FillablePallet" filename="data/objects/pallets/palletPoplar.xml" position="0 0 0" rotation="0 -0 0" fillLevel="84.800000000185"/>
        <wheelDirt wheel1="1.000000" wheel2="1.000000" wheel3="1.000000" wheel4="1.000000"/>
    </vehicle>
    <vehicle id="9" modName="FS17_ClaasMegaPack" filename="$moddir$FS17_ClaasMegaPack/claasMega208/claasMega208.xml" isAbsolute="true" age="0" price="46000" propertyState="1" operatingTime="2425.8985440197"  foldAnimTime="1" fuelFillLevel="493.22916439457" cruiseControl="25"  attacherJointComboDir="-1" fillTypes="unknown" fillLevels="0" pipeState="1" isStrawEnabled="false" workedHectars="0" dirtAmount="0.009049163209809" totalHectareCounter="0" currentHectareCounter="0" GPSstoreInv="" >
        <component1 position="450.1159362793 80.804870605469 -171.06408691406" rotation="-3.0904505252838 -1.5549134016037 3.1044061183929" />
        <component2 position="451.61227416992 81.640838623047 -171.04089355469" rotation="-3.1223313808441 -1.5549284219742 3.1364750862122" />
        <configuration name="wheel" id="1" />
        <configuration name="motor" id="1" />
        <boughtConfiguration name="wheel" id="1" />
        <boughtConfiguration name="motor" id="1" />
        <interactiveObject id="1" state="false"/>
        <interactiveObject id="2" state="false"/>
        <followMe backDist="20" sideOffs="6.0" />
        <wheelDirt wheel1="0.875425" wheel2="0.889748" wheel3="0.859536" wheel4="0.876917"/>
    </vehicle>
    <vehicle id="10" modName="FS17_ClaasMegaPack" filename="$moddir$FS17_ClaasMegaPack/claasMega208/claasMega208.xml" isAbsolute="true" age="0" price="46000" propertyState="1" operatingTime="3964.8410983028"  foldAnimTime="0" fuelFillLevel="480.3075965673" cruiseControl="25"  attacherJointComboDir="-1" fillTypes="unknown" fillLevels="0" pipeState="1" isStrawEnabled="true" workedHectars="1.0079" dirtAmount="0.057724466742304" totalHectareCounter="1.0079" currentHectareCounter="1.0079" GPS_x="522.76281738281" GPS_z="-158.07258605957" GPS_dx="1.2246468525852e-16" GPS_dz="-1" GPS_Width="6" GPS_Offset="0" GPS_Name="" GPSstoreInv="" >
        <component1 position="463.27239990234 80.807723999023 -170.94859313965" rotation="-2.9615623950958 -1.568012714386 2.9767439365387" />
        <component2 position="464.7668762207 81.643920898438 -170.9449005127" rotation="-3.1191046237946 -1.568012714386 3.1345851421356" />
        <configuration name="wheel" id="1" />
        <configuration name="motor" id="1" />
        <boughtConfiguration name="wheel" id="1" />
        <boughtConfiguration name="motor" id="1" />
        <interactiveObject id="1" state="false"/>
        <interactiveObject id="2" state="false"/>
        <followMe backDist="20" sideOffs="0.0" />
        <wheelDirt wheel1="0.829209" wheel2="0.855672" wheel3="0.822292" wheel4="0.831093"/>
    </vehicle>
    <vehicle id="11" modName="FS17_ClaasMegaPack" filename="$moddir$FS17_ClaasMegaPack/claasC600/claasC600.xml" isAbsolute="true" age="0" price="12500" propertyState="1" operatingTime="2337.8424160938"  foldAnimTime="1" dirtAmount="0.0071276154324214">
        <component1 position="444.79663085938 82.233497619629 -171.14936828613" rotation="0.39239081740379 1.5549095869064 -0.037266656756401" />
        <movingTool1 translation="-0.90625593271463"/>
        <movingTool2 rotation="-0.36651914291881"/>
        <wheelDirt/>
    </vehicle>
    <vehicle id="12" modName="FS17_ClaasMegaPack" filename="$moddir$FS17_ClaasMegaPack/claasC600/claasC600.xml" isAbsolute="true" age="0" price="12500" propertyState="1" operatingTime="3933.106129488"  foldAnimTime="1" dirtAmount="0.057670980153668">
        <component1 position="457.94470214844 82.226119995117 -170.96401977539" rotation="0.26450109481812 1.5679701566696 -0.1638557612896" />
        <movingTool1 translation="-1"/>
        <movingTool2 rotation="-0.36651914291881"/>
        <wheelDirt/>
    </vehicle>
    <vehicle id="13" filename="data/vehicles/steerable/newHolland/newHollandT7.xml" isAbsolute="true" age="0" price="243500" propertyState="1" operatingTime="9386.9506095867"  fuelFillLevel="570.33892441422" cruiseControl="53"  attacherJointComboDir="-1" dirtAmount="0.6176509440587" GPSstoreInv="" >
        <component1 position="411.23355102539 80.79337310791 -440.74920654297" rotation="0.0080712344497442 -1.5457291603088 -0.008779632858932" />
        <component2 position="409.51971435547 81.592597961426 -440.7067565918" rotation="0.0041597113013268 -1.545726776123 -0.0048659131862223" />
        <configuration name="motor" id="2" />
        <configuration name="wheel" id="1" />
        <boughtConfiguration name="wheel" id="1" />
        <boughtConfiguration name="motor" id="1" />
        <boughtConfiguration name="motor" id="2" />
        <followMe backDist="20" sideOffs="0.0" />
        <wheelDirt wheel1="0.931593" wheel2="1.000000" wheel3="0.939367" wheel4="1.000000"/>
    </vehicle>
    <vehicle id="14" filename="data/vehicles/steerable/steyr/steyrTerrusCVT.xml" isAbsolute="true" age="0" price="238500" propertyState="1" operatingTime="4584.886962429"  fuelFillLevel="582.80955251007" cruiseControl="53"  attacherJointComboDir="-1" dirtAmount="0.61221374021465" GPS_x="514.94097900391" GPS_z="-168.30035400391" GPS_dx="1.2246468525852e-16" GPS_dz="-1" GPS_Width="9.2079467773438" GPS_Offset="-0.24502563476563" GPS_Name="" GPSstoreInv="" >
        <component1 position="627.23480224609 81.212036132813 -156.09715270996" rotation="-0.0087011102586985 0.0020521427504718 0.0037380072753876" />
        <component2 position="627.23547363281 81.975067138672 -154.39404296875" rotation="-0.0087027726694942 0.0020523534622043 0.0038192607462406" />
        <configuration name="baseColor" id="1" />
        <configuration name="motor" id="2" />
        <configuration name="wheel" id="1" />
        <boughtConfiguration name="baseColor" id="1" />
        <boughtConfiguration name="motor" id="1" />
        <boughtConfiguration name="motor" id="2" />
        <boughtConfiguration name="wheel" id="1" />
        <followMe backDist="20" sideOffs="0.0" />
        <wheelDirt wheel1="0.752781" wheel2="1.000000" wheel3="0.708077" wheel4="0.985706"/>
    </vehicle>
    <vehicle id="15" filename="data/vehicles/tools/poettinger/poettingerNovaCat301.xml" isAbsolute="true" age="0" price="11000" propertyState="1" operatingTime="2770.9692154427"   lowerAnimTime="0" foldAnimTime="0" dirtAmount="0.38130440504648">
        <component1 position="440.11990356445 80.411567687988 -273.60629272461" rotation="3.1406669616699 -0.32373890280724 3.140985250473" />
        <component2 position="440.03857421875 81.200874328613 -273.85025024414" rotation="3.1407749652863 -0.32373139262199 3.1409728527069" />
        <wheelDirt/>
    </vehicle>
    <vehicle id="16" filename="data/vehicles/trailers/joskin/joskinAquaTrans7300.xml" isAbsolute="true" age="0" price="9500" propertyState="1" operatingTime="828.23562692642"  fillTypes="water" fillLevels="2772.4430871956"  preferedTipReferencePointIndex="1" dirtAmount="0.046039272407679">
        <component1 position="416.49069213867 80.794319152832 -440.87985229492" rotation="-0.028938367962837 -1.5460789203644 -0.00053611962357536" />
        <configuration name="wheel" id="1" />
        <boughtConfiguration name="wheel" id="1" />
        <wheelDirt wheel1="0.996078" wheel2="0.996078"/>
    </vehicle>
    <vehicle id="17" filename="data/vehicles/trailers/poettinger/poettingerEuroboss330T.xml" isAbsolute="true" age="0" price="31000" propertyState="1" operatingTime="5498.1400888195"  fillTypes="unknown" fillLevels="0"  preferedTipReferencePointIndex="1" dirtAmount="0.58754153802326">
        <component1 position="485.21374511719 80.652946472168 -361.77291870117" rotation="-0.034384585916996 -0.28188985586166 0.024340569972992" />
        <component2 position="484.46890258789 81.557510375977 -359.27758789063" rotation="-0.1516066044569 -0.28189152479172 0.024341324344277" />
        <configuration name="wheel" id="1" />
        <boughtConfiguration name="wheel" id="1" />
        <movingTool1 rotation="0.13223435744522"/>
        <wheelDirt wheel1="1.000000" wheel2="1.000000" wheel3="1.000000" wheel4="1.000000"/>
    </vehicle>
    <vehicle id="18" filename="data/vehicles/steerable/newHolland/newHollandT9.xml" isAbsolute="true" age="0" price="435000" propertyState="1" operatingTime="3423.8103021336"  fuelFillLevel="1048.6084455546" cruiseControl="43"  attacherJointComboDir="-1" dirtAmount="0.77962203982925" GPS_x="429.09634399414" GPS_z="-126.98287963867" GPS_dx="1" GPS_dz="6.1232339957368e-17" GPS_Width="7.2176818847656" GPS_Offset="0" GPS_Name="" GPSstoreInv="" >
        <component1 position="745.42822265625 83.390197753906 -84.760879516602" rotation="1.0655084848404 1.5694152116776 1.1035261154175" />
        <component2 position="745.16656494141 83.380256652832 -84.761054992676" rotation="1.0655717849731 1.5693315267563 1.1035922765732" />
        <configuration name="motor" id="2" />
        <configuration name="wheel" id="3" />
        <boughtConfiguration name="wheel" id="1" />
        <boughtConfiguration name="wheel" id="3" />
        <boughtConfiguration name="motor" id="1" />
        <boughtConfiguration name="motor" id="2" />
        <followMe backDist="20" sideOffs="0.0" />
        <wheelDirt wheel1="1.000000" wheel2="1.000000" wheel3="1.000000" wheel4="1.000000"/>
    </vehicle>
    <vehicle id="19" filename="data/vehicles/tools/lizard/lizardBeltSystem.xml" isAbsolute="true" age="0" price="5000" propertyState="1" operatingTime="368.12000289154"  foldAnimTime="1" fuelFillLevel="500" cruiseControl="5"  fillTypes="unknown" fillLevels="0" pipeState="1" dirtAmount="0.026091809998194" GPSstoreInv="" >
        <component1 position="399.44320678711 80.886985778809 -184.44453430176" rotation="-3.0973992347717 0.019029147922993 -3.1412382125854" />
        <configuration name="baseColor" id="14" />
        <configuration name="motor" id="1" />
        <configuration name="wheel" id="1" />
        <boughtConfiguration name="baseColor" id="14" />
        <boughtConfiguration name="motor" id="1" />
        <boughtConfiguration name="wheel" id="1" />
        <movingTool1 rotation="0"/>
        <followMe backDist="20" sideOffs="0.0" />
        <wheelDirt wheel1="0.842821" wheel2="0.839180" wheel3="0.734918"/>
    </vehicle>
    <vehicle id="20" filename="data/vehicles/tools/koeckerling/koeckerlingAllrounder.xml" isAbsolute="true" age="0" price="94000" propertyState="1" operatingTime="1317.3201805534"  foldAnimTime="1" dirtAmount="1">
        <component1 position="477.49468994141 81.267227172852 -196.68450927734" rotation="3.1143085956573 1.5656173229218 3.1392650604248" />
        <component2 position="481.96389770508 81.288291931152 -196.70500183105" rotation="-2.9069886207581 1.5656173229218 3.1392166614532" />
        <component3 position="477.29113769531 83.682624816895 -197.79885864258" rotation="1.5759816169739 -0.00011807659029728 1.5957305431366" />
        <component4 position="477.29144287109 83.75171661377 -197.41307067871" rotation="-1.5759824514389 0.00013723988377023 -1.5458574295044" />
        <component5 position="477.302734375 83.682601928711 -195.56840515137" rotation="-1.575975060463 -1.8238450138597e-05 -1.5458732843399" />
        <component6 position="477.29904174805 83.751670837402 -195.95440673828" rotation="1.5759752988815 -0.00012192131543998 1.5957338809967" />
        <configuration name="wheel" id="1" />
        <boughtConfiguration name="wheel" id="1" />
        <wheelDirt wheel1="0.893953" wheel2="0.823467" wheel3="1.000000" wheel4="1.000000" wheel5="1.000000" wheel6="1.000000" wheel7="1.000000" wheel8="1.000000" wheel9="1.000000" wheel10="1.000000" wheel11="1.000000" wheel12="1.000000"/>
    </vehicle>
    <vehicle id="21" filename="data/vehicles/tools/horsch/horschPronto9DC.xml" isAbsolute="true" age="0" price="96000" propertyState="1" operatingTime="1085.0626328621"   lowerAnimTime="0" fillTypes="seeds fertilizer" fillLevels="2449.0000000001 2000" selectedSeedFruitType="wheat" foldAnimTime="0.125" isCoverOpen="false" dirtAmount="0.81995826916382">
        <component1 position="627.22930908203 81.230850219727 -163.05133056641" rotation="-0.02046674862504 0.00021932914387435 0.0042647598311305" />
        <component2 position="627.22698974609 82.051200866699 -158.7784576416" rotation="0.029048157855868 0.0020698793232441 0.0037141214124858" />
        <component3 position="630.18725585938 81.788146972656 -163.87989807129" rotation="-0.020467085763812 -9.0801993792411e-05 -0.010704622603953" />
        <component4 position="624.26623535156 81.760612487793 -163.87857055664" rotation="-0.020460249856114 0.00054836139315739 0.020409835502505" />
        <configuration name="wheel" id="1" />
        <boughtConfiguration name="wheel" id="1" />
        <wheelDirt wheel1="0.688066" wheel2="1.000000" wheel3="0.765603" wheel4="0.666509" wheel5="0.670532" wheel6="0.998525" wheel7="1.000000"/>
    </vehicle>
    <vehicle id="22" filename="data/vehicles/trailers/metaltech/pp20.xml" isAbsolute="true" age="0" price="51000" propertyState="1" operatingTime="1187.6740805721"  fillTypes="unknown" fillLevels="0" pipeState="1"  preferedTipReferencePointIndex="1" dirtAmount="0.043875395848663">
        <component1 position="474.2248840332 80.762733459473 -218.2978515625" rotation="-3.1123135089874 1.5586919784546 -3.1123473644257" />
        <configuration name="wheel" id="1" />
        <boughtConfiguration name="wheel" id="1" />
        <movingTool1 rotation="0"/>
        <movingTool2 animationTime="0"/>
        <wheelDirt wheel1="0.733264" wheel2="0.665542" wheel3="0.720260" wheel4="0.670038"/>
    </vehicle>
    <vehicle id="23" filename="data/vehicles/tools/holaras/holarasMES500.xml" isAbsolute="true" age="0" price="7500" propertyState="1" operatingTime="396.89569539261"  foldAnimTime="1" fillTypes="chaff" fillLevels="0.0004209578037262" dirtAmount="0.031590711377109">
        <component1 position="483.59588623047 80.765106201172 -270.44424438477" rotation="-0.00062609667656943 -0.10825411975384 -0.002063411520794" />
        <configuration name="inputAttacherJoint" id="1" />
        <boughtConfiguration name="inputAttacherJoint" id="1" />
        <wheelDirt/>
    </vehicle>
    <vehicle id="24" filename="data/vehicles/steerable/valtra/valtraSSeries.xml" isAbsolute="true" age="0" price="315800" propertyState="1" operatingTime="6505.6187195911"  fuelFillLevel="558.29637352922" cruiseControl="9"  attacherJointComboDir="-1" isReverseDriving="false"  dirtAmount="0.36834177953989" GPSstoreInv="" >
        <component1 position="447.18841552734 80.768043518066 -271.91757202148" rotation="-0.0082815606147051 0.069399811327457 -0.00094324763631448" />
        <configuration name="baseColor" id="8" />
        <configuration name="motor" id="2" />
        <configuration name="rimColor" id="1" />
        <configuration name="wheel" id="2" />
        <boughtConfiguration name="baseColor" id="8" />
        <boughtConfiguration name="motor" id="1" />
        <boughtConfiguration name="motor" id="2" />
        <boughtConfiguration name="wheel" id="1" />
        <boughtConfiguration name="wheel" id="2" />
        <boughtConfiguration name="rimColor" id="1" />
        <followMe backDist="20" sideOffs="0.0" />
        <wheelDirt wheel1="0.747431" wheel2="0.810589" wheel3="0.756368" wheel4="0.799184"/>
    </vehicle>
    <vehicle id="25" filename="data/vehicles/tools/suer/suerSB2400.xml" isAbsolute="true" age="0" price="1400" propertyState="1" operatingTime="4063.0413579445"  dirtAmount="0.15706097856553">
        <component1 position="470.62551879883 80.754531860352 -268.94342041016" rotation="3.1367628574371 0.61142510175705 -3.1386005878448" />
        <wheelDirt/>
    </vehicle>
    <vehicle id="26" filename="data/vehicles/trailers/kuhn/kuhnPrimor15070.xml" isAbsolute="true" age="0" price="25000" propertyState="1" operatingTime="786.91171186447"  fillTypes="straw" fillLevels="1699.7584171295"  preferedTipReferencePointIndex="1" isStrawBlowerDoorOpen="true" dirtAmount="0.02518394151458">
        <component1 position="335.1067199707 80.731590270996 -314.533203125" rotation="-0.012665246613324 1.1005890369415 -0.015461634844542" />
        <component2 position="331.87261962891 81.650299072266 -316.18380737305" rotation="-2.1073725223541 1.100589632988 -0.01546329818666" />
        <configuration name="wheel" id="1" />
        <boughtConfiguration name="wheel" id="1" />
        <wheelDirt wheel1="0.772149" wheel2="0.915776"/>
    </vehicle>
    <vehicle id="27" filename="data/vehicles/trailers/newHolland/newHollandRollBelt150.xml" isAbsolute="true" age="0" price="58000" propertyState="1" operatingTime="743.89509957695"  foldAnimTime="1" fillTypes="straw" fillLevels="666.66668839753" dirtAmount="0.092974462046974">
        <component1 position="503.58700561523 80.693412780762 -325.75897216797" rotation="-0.063763231039047 -0.4482045173645 -0.0064860689453781" />
        <component2 position="503.4694519043 81.590660095215 -325.50241088867" rotation="-0.41245302557945 -0.4482045173645 -0.0064858514815569" />
        <configuration name="wheel" id="1" />
        <boughtConfiguration name="wheel" id="1" />
        <wheelDirt wheel1="1.000000" wheel2="1.000000" wheel3="1.000000" wheel4="1.000000"/>
    </vehicle>
    <vehicle id="28" modName="FS17_Bales_Autoload_Pack" filename="$moddir$FS17_Bales_Autoload_Pack/flieglDPW180_round.xml" isAbsolute="true" age="0" price="13000" propertyState="1" operatingTime="376.73840785408"  dirtAmount="0.035810173357504" fillTypes="unknown" fillLevels="0" isInWorkPosition="false">
        <component1 position="458.7985534668 80.75813293457 -271.43960571289" rotation="-3.1238033771515 1.0640573501587 -3.13440990448" />
        <component2 position="462.29815673828 81.673866271973 -273.38568115234" rotation="-3.1285541057587 0.83406674861908 -3.1404051780701" />
        <component3 position="463.43057250977 81.245140075684 -274.40969848633" rotation="-3.0586445331573 0.83412885665894 -3.1404259204865" />
        <configuration name="vehicleType" id="1" />
        <configuration name="wheel" id="1" />
        <boughtConfiguration name="vehicleType" id="1" />
        <boughtConfiguration name="wheel" id="1" />
        <movingTool1 translation="0"/>
        <movingTool2 translation="1.7000000476837"/>
        <movingTool3 translation="0"/>
        <movingTool4 translation="1.7000000476837"/>
            <tensionBelt isActive="false" />
            <tensionBelt isActive="false" />
            <tensionBelt isActive="false" />
            <tensionBelt isActive="false" />
            <tensionBelt isActive="false" />
            <tensionBelt isActive="false" />
            <tensionBelt isActive="false" />
        <wheelDirt wheel1="0.765282" wheel2="0.635485" wheel3="0.766963" wheel4="0.654192" wheel5="0.619017" wheel6="0.600071"/>
    </vehicle>
    <vehicle id="29" filename="data/vehicles/steerable/zetor/zetorForterraHD.xml" isAbsolute="true" age="74" price="109800" propertyState="1" operatingTime="99650.461749483"  fuelFillLevel="207.2155290644" cruiseControl="43"  attacherJointComboDir="-1" dirtAmount="0.25267697670245" GPS_x="422.42474365234" GPS_z="-128.43142700195" GPS_dx="0" GPS_dz="1" GPS_Width="3.6495971679688" GPS_Offset="0" GPS_Name="" GPSstoreInv="" >
        <component1 position="125.8434677124 86.782920837402 -822.49249267578" rotation="-0.020653620362282 -0.10449947416782 0.0016954947495833" />
        <configuration name="rimColor" id="1" />
        <configuration name="motor" id="2" />
        <configuration name="wheel" id="1" />
        <configuration name="frontloader" id="2" />
        <boughtConfiguration name="rimColor" id="1" />
        <boughtConfiguration name="motor" id="1" />
        <boughtConfiguration name="motor" id="2" />
        <boughtConfiguration name="wheel" id="1" />
        <boughtConfiguration name="frontloader" id="1" />
        <boughtConfiguration name="frontloader" id="2" />
        <followMe backDist="20" sideOffs="0.0" />
        <wheelDirt wheel1="0.600000" wheel2="0.600000" wheel3="0.600000" wheel4="0.600000"/>
    </vehicle>
    <vehicle id="30" filename="data/vehicles/tools/stoll/stollFrontLoaderFZ.xml" isAbsolute="true" age="0" price="5400" propertyState="1" operatingTime="3675.3348977242"  dirtAmount="0.10511527468788">
        <component1 position="125.70592498779 86.805534362793 -821.18151855469" rotation="-0.02065366320312 -0.10449947416782 0.0016954947495833" />
        <configuration name="baseColor" id="8" />
        <boughtConfiguration name="baseColor" id="8" />
        <movingTool1 rotation="-0.56122579784556"/>
        <movingTool2 rotation="-0.40359645849683"/>
        <wheelDirt/>
    </vehicle>
    <vehicle id="31" modName="FS17_Bales_Autoload_Pack" filename="$moddir$FS17_Bales_Autoload_Pack/stollToolBaleGrab.xml" isAbsolute="true" age="0" price="2700" propertyState="1" operatingTime="2139.0491624393"  fillTypes="squareBale" fillLevels="1" isInWorkPosition="true" dirtAmount="0.036914031266106">
        <component1 position="480.1696472168 80.800254821777 -273.2033996582" rotation="-0.27239939570427 1.3646943569183 -0.012234289199114" />
        <component2 position="479.91571044922 81.120254516602 -273.93759155273" rotation="-0.21053525805473 1.3030146360397 0.049478616565466" />
        <component3 position="479.64395141602 81.125679016113 -272.63400268555" rotation="-0.41720628738403 1.4278254508972 -0.15241529047489" />
        <configuration name="baseColor" id="8" />
        <configuration name="vehicleType" id="1" />
        <boughtConfiguration name="baseColor" id="8" />
        <boughtConfiguration name="vehicleType" id="1" />
        <movingTool1 rotation="-0.063335419813596"/>
        <movingTool2 rotation="0.063335419813596"/>
        <bale filename="data/objects/roundbales/roundbaleStraw_w112_d130.i3d" fillLevel="1699.7584171295" position="0 1.1354999436091e-16 0" rotation="0 -0 0" wrappingState="0" wrappingColor="1 1 1 1" baleValueScale="1" balePlace="1" />
        <wheelDirt/>
    </vehicle>
    <vehicle id="32" filename="data/vehicles/tools/vicon/viconFanex604.xml" isAbsolute="true" age="0" price="11000" propertyState="1" operatingTime="456.49173148155"   lowerAnimTime="0" foldAnimTime="1" dirtAmount="0.056215441000643">
        <component1 position="442.19012451172 80.706085205078 -272.21975708008" rotation="0.21638906002045 0.093949645757675 -4.3012470996473e-05" />
        <component2 position="442.28915405273 81.558570861816 -271.16967773438" rotation="0.21638442575932 0.093982726335526 -3.9810915041016e-05" />
        <configuration name="wheel" id="1" />
        <boughtConfiguration name="wheel" id="1" />
        <wheelDirt wheel1="0.963506" wheel2="1.000000" wheel3="0.936629" wheel4="1.000000"/>
    </vehicle>
    <vehicle id="33" filename="data/vehicles/tools/kuhn/kuhnGA9531.xml" isAbsolute="true" age="0" price="28000" propertyState="1" operatingTime="478.17669734001"  foldAnimTime="1" dirtAmount="0.025557919561598">
        <component1 position="429.44137573242 80.745788574219 -268.20184326172" rotation="-3.1279373168945 -0.68133586645126 -3.1415572166443" />
        <component2 position="427.55264282227 81.316505432129 -270.53106689453" rotation="-3.1279330253601 -0.68133568763733 -3.1415572166443" />
        <component3 position="429.00592041016 83.204307556152 -267.2463684082" rotation="-2.4691379070282 0.12010250985622 1.4431598186493" />
        <component4 position="430.46612548828 83.204284667969 -268.4303894043" rotation="2.466242313385 0.099086038768291 -1.4262037277222" />
        <configuration name="wheel" id="1" />
        <boughtConfiguration name="wheel" id="1" />
        <wheelDirt wheel1="0.901068" wheel2="0.903173" wheel3="0.938421" wheel4="0.931948" wheel5="0.927028" wheel6="0.938364" wheel7="0.934998" wheel8="0.929242"/>
    </vehicle>
    <vehicle id="34" filename="data/vehicles/steerable/man/manTGS18480.xml" isAbsolute="true" age="0" price="165700" propertyState="1" operatingTime="4487.445093605"  fuelFillLevel="369.84330345912" cruiseControl="83"  attacherJointComboDir="-1" dirtAmount="0.22399505224581" GPSstoreInv="" >
        <component1 position="489.30319213867 80.801391601563 -253.19650268555" rotation="3.1404957771301 1.5269374847412 -3.1384117603302" />
        <configuration name="attacherJoint" id="2" />
        <configuration name="baseColor" id="1" />
        <configuration name="motor" id="1" />
        <configuration name="wheel" id="1" />
        <configuration name="rimColor" id="9" />
        <boughtConfiguration name="attacherJoint" id="1" />
        <boughtConfiguration name="attacherJoint" id="2" />
        <boughtConfiguration name="baseColor" id="1" />
        <boughtConfiguration name="motor" id="1" />
        <boughtConfiguration name="wheel" id="1" />
        <boughtConfiguration name="rimColor" id="9" />
        <followMe backDist="20" sideOffs="0.0" />
        <wheelDirt wheel1="1.000000" wheel2="0.882657" wheel3="1.000000" wheel4="0.899302"/>
    </vehicle>
    <vehicle id="35" modName="FS17_BsMTrailer_Tipper70000" filename="$moddir$FS17_BsMTrailer_Tipper70000/Tipper70000.xml" isAbsolute="true" age="0" price="69150" propertyState="1" operatingTime="3309.6190004463"  fillTypes="unknown" fillLevels="0"  preferedTipReferencePointIndex="1" isCoverOpen="true" dirtAmount="0.12804657128078">
        <component1 position="463.88494873047 80.720672607422 -253.07943725586" rotation="0.012390904128551 1.5554749965668 0.0080370837822556" />
        <configuration name="designColor" id="11" />
        <configuration name="baseColor" id="7" />
        <configuration name="wheel" id="1" />
        <configuration name="rimColor" id="1" />
        <configuration name="design" id="3" />
        <boughtConfiguration name="designColor" id="11" />
        <boughtConfiguration name="baseColor" id="7" />
        <boughtConfiguration name="wheel" id="1" />
        <boughtConfiguration name="design" id="1" />
        <boughtConfiguration name="design" id="3" />
        <boughtConfiguration name="rimColor" id="1" />
        <wheelDirt wheel1="0.798290" wheel2="0.632638" wheel3="0.790337" wheel4="0.636375" wheel5="0.782918" wheel6="0.641239"/>
    </vehicle>
    <vehicle id="36" modName="FS17_BsMTrailer_Tipper70000" filename="$moddir$FS17_BsMTrailer_Tipper70000/Tipper70000.xml" isAbsolute="true" age="0" price="69150" propertyState="1" operatingTime="2609.2586141796"  fillTypes="unknown" fillLevels="0"  preferedTipReferencePointIndex="1" isCoverOpen="true" dirtAmount="0.10507968281137">
        <component1 position="481.33294677734 80.749710083008 -253.0717010498" rotation="-3.1414947509766 1.5633189678192 -3.1400351524353" />
        <configuration name="designColor" id="11" />
        <configuration name="baseColor" id="7" />
        <configuration name="wheel" id="1" />
        <configuration name="design" id="3" />
        <configuration name="rimColor" id="1" />
        <boughtConfiguration name="designColor" id="11" />
        <boughtConfiguration name="baseColor" id="7" />
        <boughtConfiguration name="wheel" id="1" />
        <boughtConfiguration name="rimColor" id="1" />
        <boughtConfiguration name="design" id="1" />
        <boughtConfiguration name="design" id="3" />
        <wheelDirt wheel1="0.894825" wheel2="0.600000" wheel3="0.890128" wheel4="0.600000" wheel5="0.885248" wheel6="0.600000"/>
    </vehicle>
    <vehicle id="37" modName="FS17_BsMTrailer_Tipper70000" filename="$moddir$FS17_BsMTrailer_Tipper70000/Tipper70000.xml" isAbsolute="true" age="0" price="69150" propertyState="1" operatingTime="2660.0484603653"  fillTypes="unknown" fillLevels="0"  preferedTipReferencePointIndex="1" isCoverOpen="true" dirtAmount="0.10613298403025">
        <component1 position="446.63171386719 80.723335266113 -253.13577270508" rotation="0.0044291815720499 1.4325090646744 -6.4093925175257e-05" />
        <configuration name="designColor" id="11" />
        <configuration name="baseColor" id="7" />
        <configuration name="wheel" id="1" />
        <configuration name="design" id="3" />
        <configuration name="rimColor" id="1" />
        <boughtConfiguration name="designColor" id="11" />
        <boughtConfiguration name="baseColor" id="7" />
        <boughtConfiguration name="wheel" id="1" />
        <boughtConfiguration name="design" id="1" />
        <boughtConfiguration name="design" id="3" />
        <boughtConfiguration name="rimColor" id="1" />
        <wheelDirt wheel1="0.727498" wheel2="0.679683" wheel3="0.719216" wheel4="0.721870" wheel5="0.704665" wheel6="0.714199"/>
    </vehicle>
    <vehicle id="38" filename="data/vehicles/trailers/fliegl/flieglDolly.xml" isAbsolute="true" age="0" price="9000" propertyState="1" operatingTime="2796.2252094383"  dirtAmount="0.11513153573319">
        <component1 position="453.71423339844 80.823989868164 -252.55950927734" rotation="3.1131060123444 1.2886675596237 -3.1376981735229" />
        <configuration name="wheel" id="1" />
        <boughtConfiguration name="wheel" id="1" />
        <wheelDirt wheel1="0.760817" wheel2="0.614936"/>
    </vehicle>
    <vehicle id="39" filename="data/vehicles/trailers/fliegl/flieglDolly.xml" isAbsolute="true" age="0" price="9000" propertyState="1" operatingTime="2789.3653869286"  dirtAmount="0.1207887571258">
        <component1 position="471.05899047852 80.817848205566 -253.00199890137" rotation="3.138197183609 1.5525320768356 -3.1170892715454" />
        <configuration name="wheel" id="1" />
        <boughtConfiguration name="wheel" id="1" />
        <wheelDirt wheel1="0.867816" wheel2="0.609973"/>
    </vehicle>
    <vehicle id="40" filename="data/vehicles/trailers/fliegl/flieglDPW180.xml" isAbsolute="true" age="0" price="12000" propertyState="1" operatingTime="352.63639990425"  foldAnimTime="1" dirtAmount="0.0013271034805863">
        <component1 position="126.96375274658 86.697738647461 -831.228515625" rotation="0.0010392987169325 -0.13891738653183 0.014146517962217" />
        <component2 position="126.39538574219 87.646102905273 -827.27313232422" rotation="0.0017912207404152 -0.12046536803246 0.014765663072467" />
        <component3 position="126.21282196045 87.384948730469 -825.75061035156" rotation="-0.093632929027081 -0.12057400494814 0.014811061322689" />
        <configuration name="wheel" id="1" />
        <boughtConfiguration name="wheel" id="1" />
            <tensionBelt isActive="true" />
            <tensionBelt isActive="true" />
            <tensionBelt isActive="true" />
            <tensionBelt isActive="true" />
            <tensionBelt isActive="false" />
            <tensionBelt isActive="false" />
        <wheelDirt wheel1="0.000664" wheel2="0.000664" wheel3="0.000664" wheel4="0.000664" wheel5="0.000664" wheel6="0.000664"/>
    </vehicle>
    <vehicle id="41" modName="FS17_CSZ_set" filename="$moddir$FS17_CSZ_set/xmlFilename/forcaPalletExtra_frontLoaders.xml" isAbsolute="true" age="0" price="4223" propertyState="1" operatingTime="1359.7624114323"  dirtAmount="0.06261494023358" destraPuntaDestra="1" destraPuntaSinistra="7" sinistraPuntaDestra="18" sinistraPuntaSinistra="24" trattenitore="0" distanzaLaterali="0" distanzaFrontale="0" autoPallet="0">
        <component1 position="125.47160339355 88.003791809082 -818.96716308594" rotation="0.014189208857715 -0.10449963063002 0.0016950968420133" />
        <configuration name="inputAttacherJoint" id="1" />
        <boughtConfiguration name="inputAttacherJoint" id="1" />
        <wheelDirt/>
    </vehicle>
    <attachment id0="1" id1="2" inputJointDescIndex="1" jointIndex="1" moveDown="false"/>
    <attachment id0="5" id1="6" inputJointDescIndex="1" jointIndex="2" moveDown="false"/>
    <attachment id0="5" id1="7" inputJointDescIndex="1" jointIndex="1" moveDown="false"/>
    <attachment id0="5" id1="8" inputJointDescIndex="1" jointIndex="3" moveDown="false"/>
    <attachment id0="9" id1="11" inputJointDescIndex="1" jointIndex="1" moveDown="false"/>
    <attachment id0="10" id1="12" inputJointDescIndex="1" jointIndex="1" moveDown="false"/>
    <attachment id0="13" id1="16" inputJointDescIndex="1" jointIndex="3" moveDown="false"/>
    <attachment id0="14" id1="21" inputJointDescIndex="1" jointIndex="1" moveDown="false"/>
    <attachment id0="18" id1="5" inputJointDescIndex="1" jointIndex="1" moveDown="true"/>
    <attachment id0="29" id1="30" inputJointDescIndex="1" jointIndex="6" moveDown="false"/>
    <attachment id0="29" id1="40" inputJointDescIndex="1" jointIndex="3" moveDown="false"/>
    <attachment id0="30" id1="41" inputJointDescIndex="3" jointIndex="1" moveDown="false"/>
    <attachment id0="34" id1="36" inputJointDescIndex="1" jointIndex="1" moveDown="false"/>
    <attachment id0="35" id1="38" inputJointDescIndex="1" jointIndex="1" moveDown="false"/>
    <attachment id0="36" id1="39" inputJointDescIndex="1" jointIndex="1" moveDown="false"/>
    <attachment id0="38" id1="37" inputJointDescIndex="1" jointIndex="1" moveDown="false"/>
    <attachment id0="39" id1="35" inputJointDescIndex="1" jointIndex="1" moveDown="false"/>
    <item className="FillablePallet" filename="data/objects/pallets/palletPoplar.xml" position="137.19264221191 86.800651550293 -842.64465332031" rotation="-3.141508102417 0.17640480399132 3.1415867805481" fillLevel="2000"/>
    <item className="FillablePallet" filename="data/objects/pallets/palletPoplar.xml" position="123.10845947266 87.904266357422 -848.15625" rotation="-3.1414008140564 -0.037941578775644 3.1415593624115" fillLevel="2000"/>
    <item className="FillablePallet" filename="data/objects/pallets/palletPoplar.xml" position="126.922706604 89.661491394043 -833.49713134766" rotation="3.1317975521088 -1.4609509706497 -3.1157865524292" fillLevel="2000"/>
    <item className="FillablePallet" filename="data/objects/pallets/palletPoplar.xml" position="126.23432159424 89.651268005371 -830.56085205078" rotation="3.1335773468018 -1.4105248451233 -3.1177904605865" fillLevel="2000"/>
    <item className="FillablePallet" i3dFilename="data/objects/pallets/woolPallet.i3d" position="181.99819946289 88.99609375 891.99993896484" rotation="-0.003658221103251 0.00077287357999012 -2.2499598344439e-06" fillLevel="37.33333333333"/>
    <item className="HighPressureWasher" filename="data/placeables/highPressureWasher/kaercher/kaercherHDS918-4M.xml" position="429.85473632813 80.767723083496 -166.60765075684" rotation="0.024604577571154 -1.4916453361511 -0.024530114606023" age="0" price="4500"/>
    <item className="FillablePallet" filename="data/objects/pallets/palletPoplar.xml" position="126.49697113037 88.725692749023 -833.30102539063" rotation="3.1304769515991 -1.4663817882538 -3.1151306629181" fillLevel="2000"/>
    <item className="FillablePallet" filename="data/objects/pallets/palletPoplar.xml" position="121.37704467773 86.975608825684 -848.11828613281" rotation="-3.1414887905121 -0.016132798045874 -3.1415755748749" fillLevel="2000"/>
    <item className="FillablePallet" filename="data/objects/pallets/palletPoplar.xml" position="127.49096679688 87.81135559082 -831.55780029297" rotation="3.1264028549194 -1.4708298444748 -3.1124684810638" fillLevel="2000"/>
    <item className="Bale" filename="data/objects/roundbales/roundbaleStraw_w112_d130.i3d" position="311.56100463867 82.174003601074 -316.59487915039" rotation="0.11174676567316 -0.29345089197159 -0.45126381516457" baleValueScale="1" fillLevel="4000"/>
    <item className="FS17_BaleStorage_placeable.StorageHouse" modName="FS17_BaleStorage_placeable" filename="$moddir$FS17_BaleStorage_placeable/RoundBaleShed.xml" position="319.32482910156 80.908653259277 -327.05874633789" rotation="0 0.016076730564237 0" age="0" price="42000">
       <savedObjects fillType="dryGrass_windrow" fillLevels="" />
       <savedObjects fillType="silage" fillLevels="" />
       <savedObjects fillType="straw" fillLevels="4000 4000 4000 4000 4000 4000 4000 4000 4000 4000 4000" />
       <savedObjects fillType="grass_windrow" fillLevels="" />
    </item>
    <item className="FillablePallet" filename="data/objects/pallets/palletPoplar.xml" position="127.35350799561 88.739112854004 -831.56427001953" rotation="3.1315774917603 -1.4257768392563 -3.1164696216583" fillLevel="2000"/>
    <item className="FillablePallet" filename="data/objects/pallets/palletPoplar.xml" position="125.90106964111 88.711357116699 -829.97546386719" rotation="3.1306071281433 -1.4074672460556 -3.1130554676056" fillLevel="2000"/>
    <item className="Bale" filename="data/objects/roundbales/roundbaleStraw_w112_d130.i3d" position="313.35775756836 81.929550170898 -319.98352050781" rotation="-1.5813421010971 -0.26679286360741 -0.082657225430012" baleValueScale="1" fillLevel="4000"/>
    <item className="FillablePallet" filename="data/objects/pallets/palletPoplar.xml" position="117.56008148193 86.828979492188 -805.05023193359" rotation="-0.00029933016048744 0.06418465077877 -0.0003945441567339" fillLevel="2000"/>
    <item className="FillablePallet" filename="data/objects/pallets/palletPoplar.xml" position="126.87210845947 88.726028442383 -828.08966064453" rotation="3.1365101337433 -1.4132682085037 -3.1196396350861" fillLevel="2000"/>
    <item className="FillablePallet" filename="data/objects/pallets/palletPoplar.xml" position="127.16464996338 88.735145568848 -829.77966308594" rotation="3.1361560821533 -1.4023195505142 -3.1213583946228" fillLevel="2000"/>
    <item className="FillablePallet" filename="data/objects/pallets/palletPoplar.xml" position="135.615234375 86.800666809082 -842.97430419922" rotation="-3.1415286064148 0.17630654573441 3.1415507793427" fillLevel="2000"/>
    <item className="FillablePallet" filename="data/objects/pallets/palletPoplar.xml" position="127.10928344727 87.802223205566 -828.14434814453" rotation="3.1276080608368 -1.4901340007782 -3.1130497455597" fillLevel="2000"/>
    <item className="HayLoftPlaceable" filename="data/placeables/hayLoft/hayLoft.xml" position="347.42977905273 80.782989501953 -342.59725952148" rotation="0 1.6424334049225 0" age="0" price="90000" >
       <node fillType="straw" fillLevel="5694.895751891" />
       <node fillType="dryGrass_windrow" fillLevel="0" />
    </item>
    <item className="FillablePallet" filename="data/objects/pallets/palletPoplar.xml" position="125.67610168457 88.707969665527 -828.30389404297" rotation="3.1348392963409 -1.4080440998077 -3.1198172569275" fillLevel="2000"/>
    <item className="FillablePallet" filename="data/objects/pallets/palletPoplar.xml" position="125.98751068115 89.641670227051 -828.86907958984" rotation="3.1361420154572 -1.4075092077255 -3.1195793151855" fillLevel="2000"/>
    <item className="FillablePallet" filename="data/objects/pallets/palletPoplar.xml" position="121.4080581665 87.904251098633 -848.09136962891" rotation="-3.141464471817 -0.038208600133657 -3.1415691375732" fillLevel="2000"/>
    <item className="FillablePallet" filename="data/objects/pallets/palletPoplar.xml" position="127.2580947876 87.805000305176 -829.84674072266" rotation="3.1273882389069 -1.4994785785675 -3.110960483551" fillLevel="2000"/>
    <item className="FillablePallet" filename="data/objects/pallets/palletPoplar.xml" position="126.75115966797 89.65901184082 -831.98754882813" rotation="3.136255979538 -1.4502598047256 -3.1202521324158" fillLevel="2000"/>
    <item className="HeatingPlantPlaceable" filename="data/placeables/heatingPlant/heatingPlant.xml" position="401.04461669922 80.759742736816 -179.5043182373" rotation="0 -3.141309261322 0" age="0" price="68000"/>
    <item className="FillablePallet" filename="data/objects/pallets/palletPoplar.xml" position="126.33094024658 88.72388458252 -831.63427734375" rotation="3.1362462043762 -1.4604954719543 -3.1215488910675" fillLevel="2000"/>
    <item className="FillablePallet" filename="data/objects/pallets/palletPoplar.xml" position="123.09382629395 86.975639343262 -848.10858154297" rotation="-3.1414158344269 0.02975613065064 3.141583442688" fillLevel="2000"/>
    <item className="FillablePallet" filename="data/objects/pallets/palletPoplar.xml" position="127.66098022461 87.815696716309 -833.25811767578" rotation="3.1335890293121 -1.4648866653442 -3.1181242465973" fillLevel="2000"/>
    <item className="FillablePallet" filename="data/objects/pallets/palletPoplar.xml" position="127.57196807861 88.74291229248 -833.27575683594" rotation="3.1326882839203 -1.4473314285278 -3.1166496276855" fillLevel="2000"/>
    <item className="FillablePallet" filename="data/objects/pallets/palletPoplar.xml" position="125.98712921143 87.782768249512 -829.9970703125" rotation="3.1288087368011 -1.4312957525253 -3.1107792854309" fillLevel="2000"/>
    <item className="FillablePallet" filename="data/objects/pallets/palletPoplar.xml" position="125.8021774292 87.782066345215 -828.31500244141" rotation="3.1328213214874 -1.4378018379211 -3.1174645423889" fillLevel="2000"/>
    <item className="FillablePallet" filename="data/objects/pallets/palletPoplar.xml" position="126.49913787842 87.798820495605 -833.32135009766" rotation="3.1328096389771 -1.4531815052032 -3.1176998615265" fillLevel="2000"/>
    <item className="FillablePallet" filename="data/objects/pallets/palletPoplar.xml" position="126.3226776123 87.793930053711 -831.64434814453" rotation="3.1341280937195 -1.4517096281052 -3.1188149452209" fillLevel="2000"/>
    <onCreateLoadedObject saveId="Bga" digestateSiloFillLevel="0" bunkerFillLevel="0" liquidManureFillLevel="0">
        <tipTrigger>
            <stats fillType="liquidManure" received="0" paid="0" isInPlateau="false" nextPlateauNumber="0" meanValue="0" plateauDuration="51840000" plateauTime="0" >
                <curveBaseCurve amplitudeDistribution="2" periodDistribution="1" nominalAmplitude="0.019799999892712" nominalAmplitudeVariation="0.014849999919534" nominalPeriod="172800000" nominalPeriodVariation="64800000" amplitude="0.0057529034093022" period="71223736" time="64605878.637323" />
                <curve1 amplitudeDistribution="1" periodDistribution="1" nominalAmplitude="0.0098999999463558" nominalAmplitudeVariation="0.001979999942705" nominalPeriod="604800000" nominalPeriodVariation="120960000" amplitude="0.0084973061457276" period="482368448" time="101107982.63732" />
            </stats>
            <stats fillType="manure" received="0" paid="0" isInPlateau="false" nextPlateauNumber="0" meanValue="0" plateauDuration="51840000" plateauTime="0" >
                <curveBaseCurve amplitudeDistribution="2" periodDistribution="1" nominalAmplitude="0.019799999892712" nominalAmplitudeVariation="0.014849999919534" nominalPeriod="172800000" nominalPeriodVariation="64800000" amplitude="0.019501980394125" period="87085952" time="74523137.139257" />
                <curve1 amplitudeDistribution="1" periodDistribution="1" nominalAmplitude="0.0098999999463558" nominalAmplitudeVariation="0.001979999942705" nominalPeriod="604800000" nominalPeriodVariation="120960000" amplitude="0.011584646068513" period="508422656" time="138899705.13926" />
            </stats>
            <stats fillType="silage" received="0" paid="0" isInPlateau="true" nextPlateauNumber="0" meanValue="0" plateauDuration="51840000" plateauTime="26141475.925426" >
                <curveBaseCurve amplitudeDistribution="2" periodDistribution="1" nominalAmplitude="0.14699999988079" nominalAmplitudeVariation="0.11025000363588" nominalPeriod="172800000" nominalPeriodVariation="64800000" amplitude="0.04383044089915" period="52441486.551953" time="13110371.637988" />
                <curve1 amplitudeDistribution="1" periodDistribution="1" nominalAmplitude="0.073499999940395" nominalAmplitudeVariation="0.014700000174344" nominalPeriod="604800000" nominalPeriodVariation="120960000" amplitude="0.07741928845644" period="446928448" time="197028413.37589" />
            </stats>
        </tipTrigger>
    </onCreateLoadedObject>
    <onCreateLoadedObject saveId="BunkerSilo_silo5" state="0" fillLevel="0" compactedFillLevel="0" fermentingTime="0" openedAtFront="false" openedAtBack="false"/>
    <onCreateLoadedObject saveId="TipTrigger_VILLAGE_GRAINELEVATOR">
        <stats fillType="wheat" received="0" paid="0" isInPlateau="true" nextPlateauNumber="1" meanValue="0" plateauDuration="51840000" plateauTime="12147925.600719" >
            <curveBaseCurve amplitudeDistribution="2" periodDistribution="1" nominalAmplitude="0.20219999551773" nominalAmplitudeVariation="0.1516499966383" nominalPeriod="172800000" nominalPeriodVariation="64800000" amplitude="0.28339314460754" period="77710488" time="58282866" />
            <curve1 amplitudeDistribution="1" periodDistribution="1" nominalAmplitude="0.10109999775887" nominalAmplitudeVariation="0.020220000296831" nominalPeriod="604800000" nominalPeriodVariation="120960000" amplitude="0.099987052381039" period="490336192" time="305724683.7006" />
        </stats>
        <stats fillType="barley" received="0" paid="0" isInPlateau="false" nextPlateauNumber="0" meanValue="0" plateauDuration="51840000" plateauTime="0" >
            <curveBaseCurve amplitudeDistribution="2" periodDistribution="1" nominalAmplitude="0.18780000507832" nominalAmplitudeVariation="0.14084999263287" nominalPeriod="172800000" nominalPeriodVariation="64800000" amplitude="0.24404945969582" period="92003928" time="69872058.015608" />
            <curve1 amplitudeDistribution="1" periodDistribution="1" nominalAmplitude="0.093900002539158" nominalAmplitudeVariation="0.018780000507832" nominalPeriod="604800000" nominalPeriodVariation="120960000" amplitude="0.10082753747702" period="601320832" time="430520954.01561" />
        </stats>
        <stats fillType="rape" received="0" paid="0" isInPlateau="false" nextPlateauNumber="0" meanValue="0" plateauDuration="51840000" plateauTime="0" >
            <curveBaseCurve amplitudeDistribution="2" periodDistribution="1" nominalAmplitude="0.36179998517036" nominalAmplitudeVariation="0.27134999632835" nominalPeriod="172800000" nominalPeriodVariation="64800000" amplitude="0.19688659079496" period="92748882.22969" time="20443353.220396" />
            <curve1 amplitudeDistribution="1" periodDistribution="1" nominalAmplitude="0.18089999258518" nominalAmplitudeVariation="0.036180000752211" nominalPeriod="604800000" nominalPeriodVariation="120960000" amplitude="0.19131170213223" period="496722144" time="301067534.88503" />
        </stats>
        <stats fillType="sunflower" received="0" paid="0" isInPlateau="true" nextPlateauNumber="0" meanValue="0" plateauDuration="51840000" plateauTime="11016057.213392" >
            <curveBaseCurve amplitudeDistribution="2" periodDistribution="1" nominalAmplitude="0.40380001068115" nominalAmplitudeVariation="0.30285000801086" nominalPeriod="172800000" nominalPeriodVariation="64800000" amplitude="0.1968551821157" period="92433390.397454" time="23108347.599364" />
            <curve1 amplitudeDistribution="1" periodDistribution="1" nominalAmplitude="0.20190000534058" nominalAmplitudeVariation="0.040380001068115" nominalPeriod="604800000" nominalPeriodVariation="120960000" amplitude="0.18433520197868" period="528431232" time="188888640.93701" />
        </stats>
        <stats fillType="soybean" received="0" paid="0" isInPlateau="false" nextPlateauNumber="1" meanValue="0" plateauDuration="51840000" plateauTime="0" >
            <curveBaseCurve amplitudeDistribution="2" periodDistribution="1" nominalAmplitude="0.46680000424385" nominalAmplitudeVariation="0.35010001063347" nominalPeriod="172800000" nominalPeriodVariation="64800000" amplitude="0.1472909450531" period="57189760" time="33991629.551935" />
            <curve1 amplitudeDistribution="1" periodDistribution="1" nominalAmplitude="0.23340000212193" nominalAmplitudeVariation="0.046679999679327" nominalPeriod="604800000" nominalPeriodVariation="120960000" amplitude="0.27524861693382" period="420270496" time="362083309.55194" />
        </stats>
        <stats fillType="maize" received="0" paid="0" isInPlateau="false" nextPlateauNumber="0" meanValue="0" plateauDuration="51840000" plateauTime="0" >
            <curveBaseCurve amplitudeDistribution="2" periodDistribution="1" nominalAmplitude="0.22800000011921" nominalAmplitudeVariation="0.1710000038147" nominalPeriod="172800000" nominalPeriodVariation="64800000" amplitude="0.073889212284092" period="87975101.414449" time="2684402.5917625" />
            <curve1 amplitudeDistribution="1" periodDistribution="1" nominalAmplitude="0.1140000000596" nominalAmplitudeVariation="0.02280000038445" nominalPeriod="604800000" nominalPeriodVariation="120960000" amplitude="0.13010312616825" period="431518400" time="395697661.1243" />
        </stats>
    </onCreateLoadedObject>
    <onCreateLoadedObject saveId="TipTrigger_WINDROW_STORAGE">
        <stats fillType="silage" received="0" paid="0" isInPlateau="false" nextPlateauNumber="1" meanValue="0" plateauDuration="51840000" plateauTime="0" >
            <curveBaseCurve amplitudeDistribution="2" periodDistribution="1" nominalAmplitude="0.14699999988079" nominalAmplitudeVariation="0.11025000363588" nominalPeriod="172800000" nominalPeriodVariation="64800000" amplitude="0.21751500666142" period="83149304" time="50940336.764847" />
            <curve1 amplitudeDistribution="1" periodDistribution="1" nominalAmplitude="0.073499999940395" nominalAmplitudeVariation="0.014700000174344" nominalPeriod="604800000" nominalPeriodVariation="120960000" amplitude="0.084931768476963" period="409341984" time="377558994.76485" />
        </stats>
        <stats fillType="grass_windrow" received="0" paid="0" isInPlateau="true" nextPlateauNumber="1" meanValue="0" plateauDuration="51840000" plateauTime="7414856.7324448" >
            <curveBaseCurve amplitudeDistribution="2" periodDistribution="1" nominalAmplitude="0.027000000700355" nominalAmplitudeVariation="0.020250000059605" nominalPeriod="172800000" nominalPeriodVariation="64800000" amplitude="0.0333052277565" period="89898936" time="67424202" />
            <curve1 amplitudeDistribution="1" periodDistribution="1" nominalAmplitude="0.013500000350177" nominalAmplitudeVariation="0.0027000000700355" nominalPeriod="604800000" nominalPeriodVariation="120960000" amplitude="0.012717344798148" period="442876704" time="195401656.56887" />
        </stats>
        <stats fillType="straw" received="0" paid="0" isInPlateau="true" nextPlateauNumber="0" meanValue="0" plateauDuration="51840000" plateauTime="33581929.814835" >
            <curveBaseCurve amplitudeDistribution="2" periodDistribution="1" nominalAmplitude="0.024599999189377" nominalAmplitudeVariation="0.018449999392033" nominalPeriod="172800000" nominalPeriodVariation="64800000" amplitude="0.021270178258419" period="76052720" time="19013180" />
            <curve1 amplitudeDistribution="1" periodDistribution="1" nominalAmplitude="0.012299999594688" nominalAmplitudeVariation="0.0024600001052022" nominalPeriod="604800000" nominalPeriodVariation="120960000" amplitude="0.012730665504932" period="571998016" time="435906327.48648" />
        </stats>
        <stats fillType="dryGrass_windrow" received="0" paid="0" isInPlateau="false" nextPlateauNumber="0" meanValue="0" plateauDuration="51840000" plateauTime="0" >
            <curveBaseCurve amplitudeDistribution="2" periodDistribution="1" nominalAmplitude="0.028799999505281" nominalAmplitudeVariation="0.021600000560284" nominalPeriod="172800000" nominalPeriodVariation="64800000" amplitude="0.010558255016804" period="74521912" time="68680400.000956" />
            <curve1 amplitudeDistribution="1" periodDistribution="1" nominalAmplitude="0.014399999752641" nominalAmplitudeVariation="0.0028800000436604" nominalPeriod="604800000" nominalPeriodVariation="120960000" amplitude="0.015587775036693" period="572586688" time="540289128.00096" />
        </stats>
    </onCreateLoadedObject>
    <onCreateLoadedObject saveId="Animals_cow"  numAnimals0="2" numAnimals1="0" newAnimalPercentage="0.0063111111111109" cleanlinessFactor="0.77954144620811" dirtToDrop="0.93915267536522" manureToDrop="13.492060742444" manureFillLevel="61.111108361492" liquidManureFillLevel="138.88888888889">
        <tipTriggerFillLevel fillType="water" tipTriggerIndex="4" fillLevel="3152.3495987905" />
        <tipTriggerFillLevel fillType="silage" tipTriggerIndex="1" fillLevel="0" />
        <tipTriggerFillLevel fillType="silage" tipTriggerIndex="2" fillLevel="7532.1479332476" />
        <tipTriggerFillLevel fillType="powerFood" tipTriggerIndex="1" fillLevel="0" />
        <tipTriggerFillLevel fillType="powerFood" tipTriggerIndex="2" fillLevel="9038.5775198971" />
        <tipTriggerFillLevel fillType="dryGrass_windrow" tipTriggerIndex="1" fillLevel="0" />
        <tipTriggerFillLevel fillType="dryGrass_windrow" tipTriggerIndex="2" fillLevel="7532.1479332476" />
        <tipTriggerFillLevel fillType="straw" tipTriggerIndex="3" fillLevel="6278.8526939816" />
        <tipTriggerFillLevel fillType="grass_windrow" tipTriggerIndex="1" fillLevel="0" />
        <tipTriggerFillLevel fillType="grass_windrow" tipTriggerIndex="2" fillLevel="4458.8320763966" />
        <fillLevelMilk fillLevel="225.30666666666" />
    </onCreateLoadedObject>
    <onCreateLoadedObject saveId="BunkerSilo_silo4" state="0" fillLevel="0" compactedFillLevel="0" fermentingTime="0" openedAtFront="false" openedAtBack="false"/>
    <onCreateLoadedObject saveId="BunkerSilo_silo1" state="3" fillLevel="67444.444444444" compactedFillLevel="82301.587301587" fermentingTime="21600" openedAtFront="false" openedAtBack="true"/>
    <onCreateLoadedObject saveId="Train_grainTrain3_grainTrainSpline3" isTrainStarted="false" currentTime="0.030246918280384" direction="1" lastSpeed="-0.1">
        <vehicle1 fillLevels="" fillTypes="" />
        <vehicle2 fillLevels="0 0 0 0" fillTypes="wheat barley rape sunflower" />
        <vehicle3 fillLevels="0 0 0 0" fillTypes="soybean maize potato sugarBeet" />
        <wood fillLevel="0" />
    </onCreateLoadedObject>
    <onCreateLoadedObject saveId="TipTrigger_ELEVATOR">
        <stats fillType="straw" received="0" paid="0" isInPlateau="false" nextPlateauNumber="1" meanValue="0" plateauDuration="51840000" plateauTime="0" >
            <curveBaseCurve amplitudeDistribution="2" periodDistribution="1" nominalAmplitude="0.024599999189377" nominalAmplitudeVariation="0.018449999392033" nominalPeriod="172800000" nominalPeriodVariation="64800000" amplitude="0.019817918539047" period="79615472" time="57512757.486208" />
            <curve1 amplitudeDistribution="1" periodDistribution="1" nominalAmplitude="0.012299999594688" nominalAmplitudeVariation="0.0024600001052022" nominalPeriod="604800000" nominalPeriodVariation="120960000" amplitude="0.013415579684079" period="486008896" time="331977977.48621" />
        </stats>
    </onCreateLoadedObject>
    <onCreateLoadedObject saveId="BunkerSilo_silo6" state="0" fillLevel="0" compactedFillLevel="0" fermentingTime="0" openedAtFront="false" openedAtBack="false"/>
    <onCreateLoadedObject saveId="TipTrigger_FARM_SILO"/>
    <onCreateLoadedObject saveId="BunkerSilo_silo9" state="0" fillLevel="0" compactedFillLevel="0" fermentingTime="0" openedAtFront="false" openedAtBack="false"/>
    <onCreateLoadedObject saveId="Train_woodTrain_woodTrainSpline" isTrainStarted="false" currentTime="0.016261114380461" direction="1" lastSpeed="0">
        <vehicle1 fillLevels="" fillTypes="" />
        <vehicle2 fillLevels="" fillTypes="" />
        <vehicle3 fillLevels="" fillTypes="" />
        <wood fillLevel="0" />
    </onCreateLoadedObject>
    <onCreateLoadedObject saveId="Animals_sheep"  numAnimals0="4" numAnimals1="0" newAnimalPercentage="0.038888888888886" cleanlinessFactor="1" dirtToDrop="1.3968249385598" palletSpawnerFillDelta="-1.7763568394003e-15">
        <tipTriggerFillLevel fillType="water" tipTriggerIndex="2" fillLevel="1332.4295362362" />
        <tipTriggerFillLevel fillType="grass_windrow" tipTriggerIndex="1" fillLevel="2731.5387078966" />
        <tipTriggerFillLevel fillType="dryGrass_windrow" tipTriggerIndex="1" fillLevel="0" />
    </onCreateLoadedObject>
    <onCreateLoadedObject saveId="TipTrigger_BAKERY">
        <stats fillType="wheat" received="0" paid="0" isInPlateau="false" nextPlateauNumber="0" meanValue="0" plateauDuration="51840000" plateauTime="0" >
            <curveBaseCurve amplitudeDistribution="2" periodDistribution="1" nominalAmplitude="0.20219999551773" nominalAmplitudeVariation="0.1516499966383" nominalPeriod="172800000" nominalPeriodVariation="64800000" amplitude="0.23690085113049" period="64710080" time="56454919.163837" />
            <curve1 amplitudeDistribution="1" periodDistribution="1" nominalAmplitude="0.10109999775887" nominalAmplitudeVariation="0.020220000296831" nominalPeriod="604800000" nominalPeriodVariation="120960000" amplitude="0.098655052483082" period="414731840" time="102072583.16384" />
        </stats>
        <stats fillType="barley" received="0" paid="0" isInPlateau="false" nextPlateauNumber="0" meanValue="0" plateauDuration="51840000" plateauTime="0" >
            <curveBaseCurve amplitudeDistribution="2" periodDistribution="1" nominalAmplitude="0.18780000507832" nominalAmplitudeVariation="0.14084999263287" nominalPeriod="172800000" nominalPeriodVariation="64800000" amplitude="0.071510097890056" period="89107042.864757" time="15188801.506014" />
            <curve1 amplitudeDistribution="1" periodDistribution="1" nominalAmplitude="0.093900002539158" nominalAmplitudeVariation="0.018780000507832" nominalPeriod="604800000" nominalPeriodVariation="120960000" amplitude="0.07911679148674" period="475471232" time="397356516.55401" />
        </stats>
        <stats fillType="rape" received="0" paid="0" isInPlateau="true" nextPlateauNumber="0" meanValue="0" plateauDuration="51840000" plateauTime="44435629.060631" >
            <curveBaseCurve amplitudeDistribution="2" periodDistribution="1" nominalAmplitude="0.36179998517036" nominalAmplitudeVariation="0.27134999632835" nominalPeriod="172800000" nominalPeriodVariation="64800000" amplitude="0.12937924265862" period="93090192" time="23272548" />
            <curve1 amplitudeDistribution="1" periodDistribution="1" nominalAmplitude="0.18089999258518" nominalAmplitudeVariation="0.036180000752211" nominalPeriod="604800000" nominalPeriodVariation="120960000" amplitude="0.14688760042191" period="563776576" time="60906088.240685" />
        </stats>
        <stats fillType="sunflower" received="0" paid="0" isInPlateau="false" nextPlateauNumber="1" meanValue="0" plateauDuration="51840000" plateauTime="0" >
            <curveBaseCurve amplitudeDistribution="2" periodDistribution="1" nominalAmplitude="0.40380001068115" nominalAmplitudeVariation="0.30285000801086" nominalPeriod="172800000" nominalPeriodVariation="64800000" amplitude="0.2244415730238" period="94886472" time="60011912.702215" />
            <curve1 amplitudeDistribution="1" periodDistribution="1" nominalAmplitude="0.20190000534058" nominalAmplitudeVariation="0.040380001068115" nominalPeriod="604800000" nominalPeriodVariation="120960000" amplitude="0.16371066868305" period="591910848" time="530873782.70222" />
        </stats>
        <stats fillType="soybean" received="0" paid="0" isInPlateau="false" nextPlateauNumber="1" meanValue="0" plateauDuration="51840000" plateauTime="0" >
            <curveBaseCurve amplitudeDistribution="2" periodDistribution="1" nominalAmplitude="0.46680000424385" nominalAmplitudeVariation="0.35010001063347" nominalPeriod="172800000" nominalPeriodVariation="64800000" amplitude="0.12021970748901" period="79198312" time="53632848.098112" />
            <curve1 amplitudeDistribution="1" periodDistribution="1" nominalAmplitude="0.23340000212193" nominalAmplitudeVariation="0.046679999679327" nominalPeriod="604800000" nominalPeriodVariation="120960000" amplitude="0.26290873201421" period="490956937.44694" time="16709198.026628" />
        </stats>
        <stats fillType="maize" received="0" paid="0" isInPlateau="false" nextPlateauNumber="1" meanValue="0" plateauDuration="51840000" plateauTime="0" >
            <curveBaseCurve amplitudeDistribution="2" periodDistribution="1" nominalAmplitude="0.22800000011921" nominalAmplitudeVariation="0.1710000038147" nominalPeriod="172800000" nominalPeriodVariation="64800000" amplitude="0.17920981347561" period="67956440" time="27456021.15303" />
            <curve1 amplitudeDistribution="1" periodDistribution="1" nominalAmplitude="0.1140000000596" nominalAmplitudeVariation="0.02280000038445" nominalPeriod="604800000" nominalPeriodVariation="120960000" amplitude="0.11699314415455" period="569165760" time="175748991.15303" />
        </stats>
        <stats fillType="potato" received="0" paid="0" isInPlateau="false" nextPlateauNumber="1" meanValue="0" plateauDuration="51840000" plateauTime="0" >
            <curveBaseCurve amplitudeDistribution="2" periodDistribution="1" nominalAmplitude="0.10320000350475" nominalAmplitudeVariation="0.077399998903275" nominalPeriod="172800000" nominalPeriodVariation="64800000" amplitude="0.047023072838783" period="52186700" time="26689995.555983" />
            <curve1 amplitudeDistribution="1" periodDistribution="1" nominalAmplitude="0.051600001752377" nominalAmplitudeVariation="0.010320000350475" nominalPeriod="604800000" nominalPeriodVariation="120960000" amplitude="0.048444915562868" period="442382720" time="240184696.55598" />
        </stats>
        <stats fillType="sugarBeet" received="0" paid="0" isInPlateau="true" nextPlateauNumber="1" meanValue="0" plateauDuration="51840000" plateauTime="16932260.522518" >
            <curveBaseCurve amplitudeDistribution="2" periodDistribution="1" nominalAmplitude="0.07320000231266" nominalAmplitudeVariation="0.054900001734495" nominalPeriod="172800000" nominalPeriodVariation="64800000" amplitude="0.058727003633976" period="55100968" time="41325726" />
            <curve1 amplitudeDistribution="1" periodDistribution="1" nominalAmplitude="0.03660000115633" nominalAmplitudeVariation="0.007319999858737" nominalPeriod="604800000" nominalPeriodVariation="120960000" amplitude="0.037697315216064" period="522371584" time="41880117.545614" />
        </stats>
        <stats fillType="sugarCane" received="0" paid="0" isInPlateau="true" nextPlateauNumber="1" meanValue="0" plateauDuration="51840000" plateauTime="506695.96726418" >
            <curveBaseCurve amplitudeDistribution="2" periodDistribution="1" nominalAmplitude="0.071400001645088" nominalAmplitudeVariation="0.053550001233816" nominalPeriod="172800000" nominalPeriodVariation="64800000" amplitude="0.07452367991209" period="88020392" time="66015294" />
            <curve1 amplitudeDistribution="1" periodDistribution="1" nominalAmplitude="0.035700000822544" nominalAmplitudeVariation="0.007139999885112" nominalPeriod="604800000" nominalPeriodVariation="120960000" amplitude="0.041472498327494" period="497997376" time="155385878.80446" />
        </stats>
    </onCreateLoadedObject>
    <onCreateLoadedObject saveId="BunkerSilo_silo10" state="0" fillLevel="0" compactedFillLevel="0" fermentingTime="0" openedAtFront="false" openedAtBack="false"/>
    <onCreateLoadedObject saveId="BunkerSilo_silo2" state="0" fillLevel="0" compactedFillLevel="0" fermentingTime="0" openedAtFront="false" openedAtBack="false"/>
    <onCreateLoadedObject saveId="Train_grainTrain1_grainTrainSpline1" isTrainStarted="false" currentTime="0.031823402157265" direction="1" lastSpeed="-0.1">
        <vehicle1 fillLevels="" fillTypes="" />
        <vehicle2 fillLevels="0 0 0" fillTypes="wheat barley sunflower" />
        <vehicle3 fillLevels="0 0 0" fillTypes="rape soybean maize" />
        <wood fillLevel="0" />
    </onCreateLoadedObject>
    <onCreateLoadedObject saveId="Animals_pig"  numAnimals0="0" numAnimals1="0" newAnimalPercentage="0" cleanlinessFactor="1" dirtToDrop="0" manureToDrop="0" manureFillLevel="0" liquidManureFillLevel="0">
        <tipTriggerFillLevel fillType="wheat" tipTriggerIndex="1" fillLevel="0" />
        <tipTriggerFillLevel fillType="barley" tipTriggerIndex="1" fillLevel="0" />
        <tipTriggerFillLevel fillType="rape" tipTriggerIndex="1" fillLevel="0" />
        <tipTriggerFillLevel fillType="sunflower" tipTriggerIndex="1" fillLevel="0" />
        <tipTriggerFillLevel fillType="soybean" tipTriggerIndex="1" fillLevel="0" />
        <tipTriggerFillLevel fillType="maize" tipTriggerIndex="1" fillLevel="0" />
        <tipTriggerFillLevel fillType="potato" tipTriggerIndex="1" fillLevel="0" />
        <tipTriggerFillLevel fillType="sugarBeet" tipTriggerIndex="1" fillLevel="0" />
        <tipTriggerFillLevel fillType="straw" tipTriggerIndex="3" fillLevel="0" />
        <tipTriggerFillLevel fillType="water" tipTriggerIndex="2" fillLevel="0" />
    </onCreateLoadedObject>
    <onCreateLoadedObject saveId="BunkerSilo_silo7" state="0" fillLevel="0" compactedFillLevel="0" fermentingTime="0" openedAtFront="false" openedAtBack="false"/>
    <onCreateLoadedObject saveId="Train_grainTrain2_grainTrainSpline2" isTrainStarted="false" currentTime="0.03349308222069" direction="1" lastSpeed="0">
        <vehicle1 fillLevels="" fillTypes="" />
        <vehicle2 fillLevels="0" fillTypes="sugarBeet" />
        <vehicle3 fillLevels="0" fillTypes="potato" />
        <wood fillLevel="0" />
    </onCreateLoadedObject>
    <onCreateLoadedObject saveId="Storage_storage1">
       <node fillType="wheat" fillLevel="0" />
       <node fillType="barley" fillLevel="13806" />
       <node fillType="rape" fillLevel="8254" />
       <node fillType="sunflower" fillLevel="12658" />
       <node fillType="soybean" fillLevel="0" />
       <node fillType="maize" fillLevel="0" />
    </onCreateLoadedObject>
    <onCreateLoadedObject saveId="TipTrigger_GRAINELEVATOR">
        <stats fillType="wheat" received="18096.358" paid="19457.712898688" isInPlateau="true" nextPlateauNumber="0" meanValue="0" plateauDuration="51840000" plateauTime="6079540.6699944" >
            <curveBaseCurve amplitudeDistribution="2" periodDistribution="1" nominalAmplitude="0.20219999551773" nominalAmplitudeVariation="0.1516499966383" nominalPeriod="172800000" nominalPeriodVariation="64800000" amplitude="0.17446776712254" period="68496156.215478" time="17124039.053869" />
            <curve1 amplitudeDistribution="1" periodDistribution="1" nominalAmplitude="0.10109999775887" nominalAmplitudeVariation="0.020220000296831" nominalPeriod="604800000" nominalPeriodVariation="120960000" amplitude="0.08319153636694" period="549373440" time="512806194.21213" />
        </stats>
        <stats fillType="barley" received="0" paid="0" isInPlateau="true" nextPlateauNumber="1" meanValue="0" plateauDuration="51840000" plateauTime="36847557.754641" >
            <curveBaseCurve amplitudeDistribution="2" periodDistribution="1" nominalAmplitude="0.18780000507832" nominalAmplitudeVariation="0.14084999263287" nominalPeriod="172800000" nominalPeriodVariation="64800000" amplitude="0.13344170153141" period="89609600" time="67207200" />
            <curve1 amplitudeDistribution="1" periodDistribution="1" nominalAmplitude="0.093900002539158" nominalAmplitudeVariation="0.018780000507832" nominalPeriod="604800000" nominalPeriodVariation="120960000" amplitude="0.089984819293022" period="554324672" time="121869587.54667" />
        </stats>
        <stats fillType="rape" received="0" paid="0" isInPlateau="true" nextPlateauNumber="1" meanValue="0" plateauDuration="51840000" plateauTime="8239958.8518429" >
            <curveBaseCurve amplitudeDistribution="2" periodDistribution="1" nominalAmplitude="0.36179998517036" nominalAmplitudeVariation="0.27134999632835" nominalPeriod="172800000" nominalPeriodVariation="64800000" amplitude="0.49467369914055" period="57344056" time="43008042" />
            <curve1 amplitudeDistribution="1" periodDistribution="1" nominalAmplitude="0.18089999258518" nominalAmplitudeVariation="0.036180000752211" nominalPeriod="604800000" nominalPeriodVariation="120960000" amplitude="0.1684313416481" period="448539776" time="185358380.84397" />
        </stats>
        <stats fillType="sunflower" received="0" paid="0" isInPlateau="false" nextPlateauNumber="0" meanValue="0" plateauDuration="51840000" plateauTime="0" >
            <curveBaseCurve amplitudeDistribution="2" periodDistribution="1" nominalAmplitude="0.40380001068115" nominalAmplitudeVariation="0.30285000801086" nominalPeriod="172800000" nominalPeriodVariation="64800000" amplitude="0.52356839970367" period="58212265.894304" time="10124879.018345" />
            <curve1 amplitudeDistribution="1" periodDistribution="1" nominalAmplitude="0.20190000534058" nominalAmplitudeVariation="0.040380001068115" nominalPeriod="604800000" nominalPeriodVariation="120960000" amplitude="0.20188565552235" period="440353600" time="145943367.18714" />
        </stats>
        <stats fillType="soybean" received="0" paid="0" isInPlateau="false" nextPlateauNumber="0" meanValue="0" plateauDuration="51840000" plateauTime="0" >
            <curveBaseCurve amplitudeDistribution="2" periodDistribution="1" nominalAmplitude="0.46680000424385" nominalAmplitudeVariation="0.35010001063347" nominalPeriod="172800000" nominalPeriodVariation="64800000" amplitude="0.36790928244591" period="48913688" time="39110188.349985" />
            <curve1 amplitudeDistribution="1" periodDistribution="1" nominalAmplitude="0.23340000212193" nominalAmplitudeVariation="0.046679999679327" nominalPeriod="604800000" nominalPeriodVariation="120960000" amplitude="0.25064530968666" period="434334080" time="371477180.34999" />
        </stats>
        <stats fillType="maize" received="0" paid="0" isInPlateau="false" nextPlateauNumber="1" meanValue="0" plateauDuration="51840000" plateauTime="0" >
            <curveBaseCurve amplitudeDistribution="2" periodDistribution="1" nominalAmplitude="0.22800000011921" nominalAmplitudeVariation="0.1710000038147" nominalPeriod="172800000" nominalPeriodVariation="64800000" amplitude="0.080416388809681" period="87734928" time="23819174.251301" />
            <curve1 amplitudeDistribution="1" periodDistribution="1" nominalAmplitude="0.1140000000596" nominalAmplitudeVariation="0.02280000038445" nominalPeriod="604800000" nominalPeriodVariation="120960000" amplitude="0.13129603862762" period="441244384" time="87217410.251301" />
        </stats>
    </onCreateLoadedObject>
    <onCreateLoadedObject saveId="Animals_chicken"  numAnimals0="24" numAnimals1="1" newAnimalPercentage="0" cleanlinessFactor="1" dirtToDrop="0" numActivePickupObjects="15"/>
    <onCreateLoadedObject saveId="TipTrigger_BIOMASS_HEATING_PLANT">
        <stats fillType="woodChips" received="0" paid="0" isInPlateau="true" nextPlateauNumber="0" meanValue="0" plateauDuration="51840000" plateauTime="51764577.301315" >
            <curveBaseCurve amplitudeDistribution="2" periodDistribution="1" nominalAmplitude="0.094800002872944" nominalAmplitudeVariation="0.071099996566772" nominalPeriod="172800000" nominalPeriodVariation="64800000" amplitude="0.11897280812263" period="84513744" time="21128436" />
            <curve1 amplitudeDistribution="1" periodDistribution="1" nominalAmplitude="0.047400001436472" nominalAmplitudeVariation="0.0094799995422363" nominalPeriod="604800000" nominalPeriodVariation="120960000" amplitude="0.052245542407036" period="433809504" time="360589952" />
        </stats>
    </onCreateLoadedObject>
    <onCreateLoadedObject saveId="TipTrigger_VEGETABLEBASE">
        <stats fillType="wheat" received="0" paid="0" isInPlateau="true" nextPlateauNumber="1" meanValue="0" plateauDuration="51840000" plateauTime="1733304.968214" >
            <curveBaseCurve amplitudeDistribution="2" periodDistribution="1" nominalAmplitude="0.20219999551773" nominalAmplitudeVariation="0.1516499966383" nominalPeriod="172800000" nominalPeriodVariation="64800000" amplitude="0.10657174885273" period="94740760" time="71055570" />
            <curve1 amplitudeDistribution="1" periodDistribution="1" nominalAmplitude="0.10109999775887" nominalAmplitudeVariation="0.020220000296831" nominalPeriod="604800000" nominalPeriodVariation="120960000" amplitude="0.10020162306555" period="466627448.52709" time="3417446.2900162" />
        </stats>
        <stats fillType="barley" received="0" paid="0" isInPlateau="true" nextPlateauNumber="1" meanValue="0" plateauDuration="51840000" plateauTime="47879069.301315" >
            <curveBaseCurve amplitudeDistribution="2" periodDistribution="1" nominalAmplitude="0.18780000507832" nominalAmplitudeVariation="0.14084999263287" nominalPeriod="172800000" nominalPeriodVariation="64800000" amplitude="0.12061005085707" period="93018096" time="69763568" />
            <curve1 amplitudeDistribution="1" periodDistribution="1" nominalAmplitude="0.093900002539158" nominalAmplitudeVariation="0.018780000507832" nominalPeriod="604800000" nominalPeriodVariation="120960000" amplitude="0.077009662985802" period="414984896" time="249065152" />
        </stats>
        <stats fillType="rape" received="0" paid="0" isInPlateau="true" nextPlateauNumber="1" meanValue="0" plateauDuration="51840000" plateauTime="37524794.981565" >
            <curveBaseCurve amplitudeDistribution="2" periodDistribution="1" nominalAmplitude="0.36179998517036" nominalAmplitudeVariation="0.27134999632835" nominalPeriod="172800000" nominalPeriodVariation="64800000" amplitude="0.58130359649658" period="92097224" time="69072918" />
            <curve1 amplitudeDistribution="1" periodDistribution="1" nominalAmplitude="0.18089999258518" nominalAmplitudeVariation="0.036180000752211" nominalPeriod="604800000" nominalPeriodVariation="120960000" amplitude="0.20341144502163" period="562836928" time="364145318.31975" />
        </stats>
        <stats fillType="sunflower" received="0" paid="0" isInPlateau="false" nextPlateauNumber="1" meanValue="0" plateauDuration="51840000" plateauTime="0" >
            <curveBaseCurve amplitudeDistribution="2" periodDistribution="1" nominalAmplitude="0.40380001068115" nominalAmplitudeVariation="0.30285000801086" nominalPeriod="172800000" nominalPeriodVariation="64800000" amplitude="0.20760405063629" period="48017436" time="27931099.888662" />
            <curve1 amplitudeDistribution="1" periodDistribution="1" nominalAmplitude="0.20190000534058" nominalAmplitudeVariation="0.040380001068115" nominalPeriod="604800000" nominalPeriodVariation="120960000" amplitude="0.21801425516605" period="461720512" time="149515924.88866" />
        </stats>
        <stats fillType="soybean" received="0" paid="0" isInPlateau="false" nextPlateauNumber="0" meanValue="0" plateauDuration="51840000" plateauTime="0" >
            <curveBaseCurve amplitudeDistribution="2" periodDistribution="1" nominalAmplitude="0.46680000424385" nominalAmplitudeVariation="0.35010001063347" nominalPeriod="172800000" nominalPeriodVariation="64800000" amplitude="0.57649612426758" period="89478784" time="84325795.459068" />
            <curve1 amplitudeDistribution="1" periodDistribution="1" nominalAmplitude="0.23340000212193" nominalAmplitudeVariation="0.046679999679327" nominalPeriod="604800000" nominalPeriodVariation="120960000" amplitude="0.1983589977026" period="495319808" time="468086179.45907" />
        </stats>
        <stats fillType="maize" received="0" paid="0" isInPlateau="true" nextPlateauNumber="1" meanValue="0" plateauDuration="51840000" plateauTime="18247199.838161" >
            <curveBaseCurve amplitudeDistribution="2" periodDistribution="1" nominalAmplitude="0.22800000011921" nominalAmplitudeVariation="0.1710000038147" nominalPeriod="172800000" nominalPeriodVariation="64800000" amplitude="0.20468008518219" period="45156056" time="33867042" />
            <curve1 amplitudeDistribution="1" periodDistribution="1" nominalAmplitude="0.1140000000596" nominalAmplitudeVariation="0.02280000038445" nominalPeriod="604800000" nominalPeriodVariation="120960000" amplitude="0.10458932816982" period="577342464" time="204898556.52315" />
        </stats>
        <stats fillType="potato" received="0" paid="0" isInPlateau="false" nextPlateauNumber="1" meanValue="0" plateauDuration="51840000" plateauTime="0" >
            <curveBaseCurve amplitudeDistribution="2" periodDistribution="1" nominalAmplitude="0.10320000350475" nominalAmplitudeVariation="0.077399998903275" nominalPeriod="172800000" nominalPeriodVariation="64800000" amplitude="0.10604177415371" period="59499648" time="37504000.55258" />
            <curve1 amplitudeDistribution="1" periodDistribution="1" nominalAmplitude="0.051600001752377" nominalAmplitudeVariation="0.010320000350475" nominalPeriod="604800000" nominalPeriodVariation="120960000" amplitude="0.060677982866764" period="481881120" time="67627256.55258" />
        </stats>
        <stats fillType="sugarBeet" received="0" paid="0" isInPlateau="false" nextPlateauNumber="1" meanValue="0" plateauDuration="51840000" plateauTime="0" >
            <curveBaseCurve amplitudeDistribution="2" periodDistribution="1" nominalAmplitude="0.07320000231266" nominalAmplitudeVariation="0.054900001734495" nominalPeriod="172800000" nominalPeriodVariation="64800000" amplitude="0.043388061225414" period="46056284" time="15232207.31156" />
            <curve1 amplitudeDistribution="1" periodDistribution="1" nominalAmplitude="0.03660000115633" nominalAmplitudeVariation="0.007319999858737" nominalPeriod="604800000" nominalPeriodVariation="120960000" amplitude="0.040789544582367" period="430841152" time="180069080.31156" />
        </stats>
        <stats fillType="sugarCane" received="0" paid="0" isInPlateau="true" nextPlateauNumber="1" meanValue="0" plateauDuration="51840000" plateauTime="38316440.87328" >
            <curveBaseCurve amplitudeDistribution="2" periodDistribution="1" nominalAmplitude="0.071400001645088" nominalAmplitudeVariation="0.053550001233816" nominalPeriod="172800000" nominalPeriodVariation="64800000" amplitude="0.079886004328728" period="77199160" time="57899370" />
            <curve1 amplitudeDistribution="1" periodDistribution="1" nominalAmplitude="0.035700000822544" nominalAmplitudeVariation="0.007139999885112" nominalPeriod="604800000" nominalPeriodVariation="120960000" amplitude="0.037431105971336" period="576337280" time="91415440.428036" />
        </stats>
    </onCreateLoadedObject>
    <onCreateLoadedObject saveId="TipTrigger_GARDENCENTER">
        <stats fillType="woodChips" received="0" paid="0" isInPlateau="false" nextPlateauNumber="1" meanValue="0" plateauDuration="51840000" plateauTime="0" >
            <curveBaseCurve amplitudeDistribution="2" periodDistribution="1" nominalAmplitude="0.094800002872944" nominalAmplitudeVariation="0.071099996566772" nominalPeriod="172800000" nominalPeriodVariation="64800000" amplitude="0.09317659586668" period="83184224" time="24667869.993874" />
            <curve1 amplitudeDistribution="1" periodDistribution="1" nominalAmplitude="0.047400001436472" nominalAmplitudeVariation="0.0094799995422363" nominalPeriod="604800000" nominalPeriodVariation="120960000" amplitude="0.039987072348595" period="487174720" time="88105053.993874" />
        </stats>
    </onCreateLoadedObject>
    <onCreateLoadedObject saveId="BunkerSilo_silo3" state="0" fillLevel="0" compactedFillLevel="0" fermentingTime="0" openedAtFront="false" openedAtBack="false"/>
    <onCreateLoadedObject saveId="TipTrigger_SPINNERY">
        <stats fillType="wool" received="0" paid="0" isInPlateau="false" nextPlateauNumber="0" meanValue="0" plateauDuration="51840000" plateauTime="0" >
            <curveBaseCurve amplitudeDistribution="2" periodDistribution="1" nominalAmplitude="2.2799999713898" nominalAmplitudeVariation="1.710000038147" nominalPeriod="172800000" nominalPeriodVariation="64800000" amplitude="0.68621331453323" period="81146856" time="75985744.642538" />
            <curve1 amplitudeDistribution="1" periodDistribution="1" nominalAmplitude="1.1399999856949" nominalAmplitudeVariation="0.22800000011921" nominalPeriod="604800000" nominalPeriodVariation="120960000" amplitude="1.3063549995422" period="560002816" time="321384480.64254" />
        </stats>
    </onCreateLoadedObject>
    <onCreateLoadedObject saveId="BunkerSilo_silo8" state="0" fillLevel="0" compactedFillLevel="0" fermentingTime="0" openedAtFront="false" openedAtBack="false"/>
</careerVehicles>